lid	vid	mscrape_id	title	price	description	cid	ships_from	ships_to	product_class	listing_available	return_policy
3	12	0	Websites that do not require cvv/cvc/cid $15	0.0181	Selling my list of cardable websites that do not require the cvv/cvc/cid upon checkout.<br /><br />8 out of the 15 sites do ship internationally and I have received feedback of orders being successfull.<br />With that said this list mainly targets usa people, but international people can also use it.<br /><br />The websites sell from electronics, clothes, household items, threatre tickets, outdoor/sports equipment, etc.	54	Worldwide	Worldwide	Digital	True	
3	12	1	Websites that do not require cvv/cvc/cid 	0.0180	Selling my list of cardable websites that do not require the cvv/cvc/cid upon checkout.<br /><br />8 out of the 15 sites do ship internationally and I have received feedback of orders being successfull.<br />With that said this list mainly targets usa people, but international people can also use it.<br /><br />The websites sell from electronics, clothes, household items, threatre tickets, outdoor/sports equipment, etc.	54	Worldwide	Worldwide	Digital	True	
3	12	2	Websites that do not require cvv/cvc/cid 	0.0187	Selling my list of 19 cardable websites that do not require the cvv/cvc/cid upon checkout.<br /><br />8 out of the 19 sites do ship internationally and I have received feedback of orders being successfull.<br />With that said this list mainly targets usa people, but international people can also use it.<br /><br />The websites sell from electronics, clothes, household items, threatre tickets, outdoor/sports equipment, etc.	54	Worldwide	Worldwide	Digital	True	
3	12	3	Websites that do not require cvv/cvc/cid 	0.0207	Selling my list of 19 cardable websites that do not require the cvv/cvc/cid upon checkout.<br /><br />8 out of the 19 sites do ship internationally and I have received feedback of orders being successfull.<br />With that said this list mainly targets usa people, but international people can also use it.<br /><br />The websites sell from electronics, clothes, household items, threatre tickets, outdoor/sports equipment, etc.	54	Worldwide	Worldwide	Digital	True	
3	12	4	Websites that do not require cvv/cvc/cid 	0.0226	Selling my list of 19 cardable websites that do not require the cvv/cvc/cid upon checkout.<br /><br />8 out of the 19 sites do ship internationally and I have received feedback of orders being successfull.<br />With that said this list mainly targets usa people, but international people can also use it.<br /><br />The websites sell from electronics, clothes, household items, threatre tickets, outdoor/sports equipment, etc.	54	Worldwide	Worldwide	Digital	True	
3	12	5	Websites that do not require cvv/cvc/cid 	0.0234	Selling my list of 19 cardable websites that do not require the cvv/cvc/cid upon checkout.<br /><br />8 out of the 19 sites do ship internationally and I have received feedback of orders being successfull.<br />With that said this list mainly targets usa people, but international people can also use it.<br /><br />The websites sell from electronics, clothes, household items, threatre tickets, outdoor/sports equipment, etc.	54	Worldwide	Worldwide	Digital	True	
3	12	6	Websites that do not require cvv/cvc/cid 	0.0259	Selling my list of 19 cardable websites that do not require the cvv/cvc/cid upon checkout.<br /><br />4 out of the 19 sites do ship internationally and I have received feedback of orders being successfull.<br />With that said this list mainly targets usa people, but international people can also use it.<br /><br />The websites sell from electronics, clothes, household items, threatre tickets, outdoor/sports equipment, etc.	54	Worldwide	Worldwide	Digital	True	
3	12	7	Websites that do not require cvv/cvc/cid 	0.0253		54			Digital		
3	12	8	Websites that do not require cvv/cvc/cid 	0.0361	Selling my list of 20 cardable websites that do not require the cvv/cvc/cid upon checkout.<br /><br />4 out of the 20 sites do ship internationally and I have received feedback of orders being successfull.<br />With that said this list mainly targets usa people, but international people can also use it.<br /><br />The websites sell from electronics, clothes, household items, threatre tickets, outdoor/sports equipment, etc.	54	Worldwide	Worldwide	Digital	True	
3	12	9	Websites that do not require cvv/cvc/cid 	0.0299		54			Digital		
3	12	10	Websites that do not require cvv/cvc/cid 	0.0301	Selling my list of 20 cardable websites that do not require the cvv/cvc/cid upon checkout.<br /><br />4 out of the 20 sites do ship internationally and I have received feedback of orders being successfull.<br />With that said this list mainly targets usa people, but international people can also use it.<br /><br />The websites sell from electronics, clothes, household items, threatre tickets, outdoor/sports equipment, etc.	54	Worldwide	Worldwide	Digital	True	
3	12	11	Websites that do not require cvv/cvc/cid 	0.0303	Selling my list of 20 cardable websites that do not require the cvv/cvc/cid upon checkout.<br /><br />4 out of the 20 sites do ship internationally and I have received feedback of orders being successfull.<br />With that said this list mainly targets usa people, but international people can also use it.<br /><br />The websites sell from electronics, clothes, household items, threatre tickets, outdoor/sports equipment, etc.	54	Worldwide	Worldwide	Digital	True	
3	12	12	Websites that do not require cvv/cvc/cid 	0.0333		54			Digital		
3	12	13	Websites that do not require cvv/cvc/cid 	0.0331		54			Digital		
3	12	15	Websites that do not require cvv/cvc/cid 	0.0287	Selling my list of 20 cardable websites that do not require the cvv/cvc/cid upon checkout.<br /><br />4 out of the 20 sites do ship internationally and I have received feedback of orders being successfull.<br />With that said this list mainly targets usa people, but international people can also use it.<br /><br />The websites sell from electronics, clothes, household items, threatre tickets, outdoor/sports equipment, etc.	54	Worldwide	Worldwide	Digital	True	
4	12	0	Passware Forensics V13.1 (Newest) $40	0.0483	Selling one of my favourite programs. <br />http://www.lostpassword.com/kit-forensic.htm<br /><br />It does not require any type of online verfifcation when installing or using.	97	Worldwide	Worldwide	Digital	True	
4	12	1	Passware Forensics V13.1 (Newest) 	0.0485	Selling one of my favourite programs. <br />http://www.lostpassword.com/kit-forensic.htm<br /><br />It does not require any type of online verfifcation when installing or using.	97	Worldwide	Worldwide	Digital	True	
4	12	2	Passware Forensics V13.1 (Newest) 	0.0498	Selling one of my favourite programs. <br />http://www.lostpassword.com/kit-forensic.htm<br /><br />It does not require any type of online verfifcation when installing or using.	97	Worldwide	Worldwide	Digital	True	
4	12	3	Passware Forensics V13.1 (Newest) 	0.0553	Selling one of my favourite programs. <br />http://www.lostpassword.com/kit-forensic.htm<br /><br />It does not require any type of online verfifcation when installing or using.	97	Worldwide	Worldwide	Digital	True	
4	12	4	Passware Forensics V13.1 (Newest) 	0.0603	Selling one of my favourite programs. <br />http://www.lostpassword.com/kit-forensic.htm<br /><br />It does not require any type of online verfifcation when installing or using.	97	Worldwide	Worldwide	Digital	True	
4	12	5	Passware Forensics V13.1 (Newest) 	0.0614	Selling one of my favourite programs. <br />http://www.lostpassword.com/kit-forensic.htm<br /><br />It does not require any type of online verfifcation when installing or using.	97	Worldwide	Worldwide	Digital	True	
4	12	6	Passware Forensics V13.1 (Newest) 	0.0694	Selling one of my favourite programs. <br />http://www.lostpassword.com/kit-forensic.htm<br /><br />It does not require any type of online verfifcation when installing or using.	97	Worldwide	Worldwide	Digital	True	
4	12	7	Passware Forensics V13.1 (Newest) 	0.0665		97			Digital		
4	12	8	Passware Forensics V13.1 (Newest) 	0.0964	Selling one of my favourite programs. <br />http://www.lostpassword.com/kit-forensic.htm<br /><br />It does not require any type of online verfifcation when installing or using.	97	Worldwide	Worldwide	Digital	True	
4	12	9	Passware Forensics V13.1 (Newest) 	0.0957	Selling one of my favourite programs. <br />http://www.lostpassword.com/kit-forensic.htm<br /><br />It does not require any type of online verfifcation when installing or using.	97	Worldwide	Worldwide	Digital	True	
4	12	10	Passware Forensics V13.1 (Newest) 	0.0800	Selling one of my favourite programs. <br />http://www.lostpassword.com/kit-forensic.htm<br /><br />It does not require any type of online verfifcation when installing or using.	97	Worldwide	Worldwide	Digital	True	
4	12	11	Passware Forensics V13.1 (Newest) 	0.0812		97			Digital		
4	12	12	Passware Forensics V13.1 	0.0885	Selling one of my favourite programs. <br />http://www.lostpassword.com/kit-forensic.htm<br /><br />It does not require any type of online verfifcation when installing or using.	97	Worldwide	Worldwide	Digital	True	
4	12	13	Passware Forensics V13.1 	0.0882	Selling one of my favourite programs. <br />http://www.lostpassword.com/kit-forensic.htm<br /><br />It does not require any type of online verfifcation when installing or using.	97	Worldwide	Worldwide	Digital	True	
4	12	14	Passware Forensics V13.1 	0.0910		97			Digital		
4	12	15	Passware Forensics V13.1 	0.0742		97			Digital		
5	17	0	Xbox One - Console Only [Limited Price $100]	0.1205	Selling brand new Xbox One Consoles for only $100 a piece,<br />These are shipped straight from the factory using my method. <br />Bulkbuy is negotiable, just PM me.<br />Coming Soon:<br />Most electronics such as Apple Products &amp; Microsoft Surface<br />FAQ - Is a Drop Address Required ? YES - Unless a listing states otherwise you need a drop address. This is why the items are so cheap...because I ship straight from the factory.	47	Worldwide	Austria, Belgium, Bulgaria, Canada, Croatia, Cyprus, Czech Republic, Denmark, Estonia, Finland, France, Germany, Greece, Hungary, Ireland, Italy, Latvia, Lithuania, Luxembourg, Malta, Netherlands, Poland, Portugal, Romania, Slovakia, Slovenia, Spain, Sweden, United Kingdom, United States	Physical	True	
6	18	2	Wellsfargo Bank Logins	0.0000	Pm me if you need other balance accounts.<br />I&#039;ll create a seperate listing for you.<br /><br />========Wellsfargo=======<br /><br />You&#039;ll get these details:<br /><br />Username<br />Password<br />Email Address<br />Full name<br />Street Address - City<br />State - Zip<br />Phone numbers<br />Routing Numbers<br />Account Numbers<br />- Cash Accounts<br />- Credit Accounts<br />- Business Accounts<br />- Investment Accounts<br /><br /><br />- I include instructions on how to get Routing number &amp; account number after logging in.<br /><br /><br />- I can provide SSN &amp; DoB for extra 10$<br /><br /><br />*Balance fluctuates so it will be around the specified balance. It can be alot more as these accounts have alot more on paydays.<br />	55	Worldwide	Worldwide	Digital	True	
6	18	3	Wellsfargo Bank Logins	0.0000	Pm me if you need other balance accounts.<br />I&#039;ll create a seperate listing for you.<br /><br />========Wellsfargo=======<br /><br />You&#039;ll get these details:<br /><br />Username<br />Password<br />Email Address<br />Full name<br />Street Address - City<br />State - Zip<br />Phone numbers<br />Routing Numbers<br />Account Numbers<br />- Cash Accounts<br />- Credit Accounts<br />- Business Accounts<br />- Investment Accounts<br /><br /><br />- I include instructions on how to get Routing number &amp; account number after logging in.<br /><br /><br />- I can provide SSN &amp; DoB for extra 10$<br /><br /><br />*Balance fluctuates so it will be around the specified balance. It can be alot more as these accounts have alot more on paydays.<br />	55	Worldwide	Worldwide	Digital	True	
6	18	4	Wellsfargo Bank Logins	0.0000	Pm me if you need other balance accounts.<br />I&#039;ll create a seperate listing for you.<br /><br />========Wellsfargo=======<br /><br />You&#039;ll get these details:<br /><br />Username<br />Password<br />Email Address<br />Full name<br />Street Address - City<br />State - Zip<br />Phone numbers<br />Routing Numbers<br />Account Numbers<br />- Cash Accounts<br />- Credit Accounts<br />- Business Accounts<br />- Investment Accounts<br /><br /><br />- I include instructions on how to get Routing number &amp; account number after logging in.<br /><br /><br />- I can provide SSN &amp; DoB for extra 10$<br /><br /><br />*Balance fluctuates so it will be around the specified balance. It can be alot more as these accounts have alot more on paydays.<br />	55	Worldwide	Worldwide	Digital	True	
6	18	5	Wellsfargo Bank Logins	0.0000	Pm me if you need other balance accounts.<br />I&#039;ll create a seperate listing for you.<br /><br />========Wellsfargo=======<br /><br />You&#039;ll get these details:<br /><br />Username<br />Password<br />Email Address<br />Full name<br />Street Address - City<br />State - Zip<br />Phone numbers<br />Routing Numbers<br />Account Numbers<br />- Cash Accounts<br />- Credit Accounts<br />- Business Accounts<br />- Investment Accounts<br /><br /><br />- I include instructions on how to get Routing number &amp; account number after logging in.<br /><br /><br />- I can provide SSN &amp; DoB for extra 10$<br /><br /><br />*Balance fluctuates so it will be around the specified balance. It can be alot more as these accounts have alot more on paydays.<br />	55	Worldwide	Worldwide	Digital	True	
6	18	6	Wellsfargo Bank Logins	0.0000	Pm me if you need other balance accounts.<br />I&#039;ll create a seperate listing for you.<br /><br />========Wellsfargo=======<br /><br />You&#039;ll get these details:<br /><br />Username<br />Password<br />Email Address<br />Full name<br />Street Address - City<br />State - Zip<br />Phone numbers<br />Routing Numbers<br />Account Numbers<br />- Cash Accounts<br />- Credit Accounts<br />- Business Accounts<br />- Investment Accounts<br /><br /><br />- I include instructions on how to get Routing number &amp; account number after logging in.<br /><br /><br />- I can provide SSN &amp; DoB for extra 10$<br /><br /><br />*Balance fluctuates so it will be around the specified balance. It can be alot more as these accounts have alot more on paydays.<br />	55	Worldwide	Worldwide	Digital	True	
6	18	7	Wellsfargo Bank Logins	0.0000		55			Digital		
6	18	8	Wellsfargo Bank Logins	0.0000	Pm me if you need other balance accounts.<br />I&#039;ll create a seperate listing for you.<br /><br />========Wellsfargo=======<br /><br />You&#039;ll get these details:<br /><br />Username<br />Password<br />Email Address<br />Full name<br />Street Address - City<br />State - Zip<br />Phone numbers<br />Routing Numbers<br />Account Numbers<br />- Cash Accounts<br />- Credit Accounts<br />- Business Accounts<br />- Investment Accounts<br /><br /><br />- I include instructions on how to get Routing number &amp; account number after logging in.<br /><br /><br />- I can provide SSN &amp; DoB for extra 10$<br /><br /><br />*Balance fluctuates so it will be around the specified balance. It can be alot more as these accounts have alot more on paydays.<br />	55	Worldwide	Worldwide	Digital	True	
6	18	9	Wellsfargo Bank Logins	0.0000		55			Digital		
6	18	10	Wellsfargo Bank Logins	0.0000	Pm me if you need other balance accounts.<br />I&#039;ll create a seperate listing for you.<br /><br />========Wellsfargo=======<br /><br />You&#039;ll get these details:<br /><br />Username<br />Password<br />Email Address<br />Full name<br />Street Address - City<br />State - Zip<br />Phone numbers<br />Routing Numbers<br />Account Numbers<br />- Cash Accounts<br />- Credit Accounts<br />- Business Accounts<br />- Investment Accounts<br /><br /><br />- I include instructions on how to get Routing number &amp; account number after logging in.<br /><br /><br />- I can provide SSN &amp; DoB for extra 10$<br /><br /><br />*Balance fluctuates so it will be around the specified balance. It can be alot more as these accounts have alot more on paydays.<br />	55	Worldwide	Worldwide	Digital	True	
6	18	11	Wellsfargo Bank Logins	0.0000	Pm me if you need other balance accounts.<br />I&#039;ll create a seperate listing for you.<br /><br />========Wellsfargo=======<br /><br />You&#039;ll get these details:<br /><br />Username<br />Password<br />Email Address<br />Full name<br />Street Address - City<br />State - Zip<br />Phone numbers<br />Routing Numbers<br />Account Numbers<br />- Cash Accounts<br />- Credit Accounts<br />- Business Accounts<br />- Investment Accounts<br /><br /><br />- I include instructions on how to get Routing number &amp; account number after logging in.<br /><br /><br />- I can provide SSN &amp; DoB for extra 10$<br /><br /><br />*Balance fluctuates so it will be around the specified balance. It can be alot more as these accounts have alot more on paydays.<br />	55	Worldwide	Worldwide	Digital	True	
6	18	12	Wellsfargo Bank Logins	0.0000		55			Digital		
6	18	15	Wellsfargo Bank Logins	0.0000		55			Digital		
6	18	17	Wellsfargo Bank Logins	0.0000		55			Digital		
6	18	18	Wellsfargo Bank Logins	0.0000		55			Digital		
6	18	19	Wellsfargo Bank Logins	0.0000	Pm me if you need other balance accounts.<br />I&#039;ll create a seperate listing for you.<br /><br />========Wellsfargo=======<br /><br />You&#039;ll get these details:<br /><br />Username<br />Password<br />Email Address<br />Full name<br />Street Address - City<br />State - Zip<br />Phone numbers<br />Routing Numbers<br />Account Numbers<br />- Cash Accounts<br />- Credit Accounts<br />- Business Accounts<br />- Investment Accounts<br /><br /><br />- I include instructions on how to get Routing number &amp; account number after logging in.<br /><br /><br />- I can provide SSN &amp; DoB for extra 10$<br /><br /><br />*Balance fluctuates so it will be around the specified balance. It can be alot more as these accounts have alot more on paydays.<br />	55	Worldwide	Worldwide	Digital	True	
6	18	21	Wellsfargo Bank Logins	0.0000		55			Digital		
6	18	22	Wellsfargo Bank Logins	0.0000		55			Digital		
6	18	26	Wellsfargo Bank Logins	0.0000		55			Digital		
6	18	27	Wellsfargo Bank Logins	0.0000	Pm me if you need other balance accounts.<br />I&#039;ll create a seperate listing for you.<br /><br />========Wellsfargo=======<br /><br />You&#039;ll get these details:<br /><br />Username<br />Password<br />Email Address<br />Full name<br />Street Address - City<br />State - Zip<br />Phone numbers<br />Routing Numbers<br />Account Numbers<br />- Cash Accounts<br />- Credit Accounts<br />- Business Accounts<br />- Investment Accounts<br /><br /><br />- I include instructions on how to get Routing number &amp; account number after logging in.<br /><br /><br />- I can provide SSN &amp; DoB for extra 10$<br /><br /><br />*Balance fluctuates so it will be around the specified balance. It can be alot more as these accounts have alot more on paydays.<br />	55	Worldwide	Worldwide	Digital	True	
6	18	28	Wellsfargo Bank Logins	0.0000		55			Digital		
6	18	29	Wellsfargo Bank Logins	0.0000		55			Digital		
6	18	30	Wellsfargo Bank Logins	0.0000	Pm me if you need other balance accounts.<br />I&#039;ll create a seperate listing for you.<br /><br />========Wellsfargo=======<br /><br />You&#039;ll get these details:<br /><br />Username<br />Password<br />Email Address<br />Full name<br />Street Address - City<br />State - Zip<br />Phone numbers<br />Routing Numbers<br />Account Numbers<br />- Cash Accounts<br />- Credit Accounts<br />- Business Accounts<br />- Investment Accounts<br /><br /><br />- I include instructions on how to get Routing number &amp; account number after logging in.<br /><br /><br />- I can provide SSN &amp; DoB for extra 10$<br /><br /><br />*Balance fluctuates so it will be around the specified balance. It can be alot more as these accounts have alot more on paydays.<br />	55	Worldwide	Worldwide	Digital	True	
6	18	31	Wellsfargo Bank Logins	0.0000		55			Digital		
6	18	33	Wellsfargo Bank Logins	0.0000		55			Digital		
6	18	34	Wellsfargo Bank Logins	0.0000		55	Worldwide		Digital	True	
6	18	35	Wellsfargo Bank Logins	0.0000		55	Worldwide		Digital	True	
6	18	36	Wellsfargo Bank Logins	0.0000		55			Digital		
6	18	37	Wellsfargo Bank Logins	0.0000		55	Worldwide		Digital	True	
6	18	39	Wellsfargo Bank Logins	0.0000		55	Worldwide		Digital	True	
6	18	40	Wellsfargo Bank Logins	0.0000	Pm me if you need other balance accounts.<br />I&#039;ll create a seperate listing for you.<br /><br />========Wellsfargo=======<br /><br />You&#039;ll get these details:<br /><br />Username<br />Password<br />Email Address<br />Full name<br />Street Address - City<br />State - Zip<br />Phone numbers<br />Routing Numbers<br />Account Numbers<br />- Cash Accounts<br />- Credit Accounts<br />- Business Accounts<br />- Investment Accounts<br /><br /><br />- I include instructions on how to get Routing number &amp; account number after logging in.<br /><br /><br />- I can provide SSN &amp; DoB for extra 10$<br /><br /><br />*Balance fluctuates so it will be around the specified balance. It can be alot more as these accounts have alot more on paydays.<br />	55	Worldwide	Worldwide	Digital	True	
6	18	41	Wellsfargo Bank Logins	0.0000		55	Worldwide		Digital	True	
6	18	42	Wellsfargo Bank Logins	0.0000		55			Digital		
6	18	59	▪ CC ▪ Non-VBV | Non-AVS ▪ VISA|MC|AMEX ▪ Fresh | Cheapest	0.0284		55			Digital		
6	18	60	▪ CC ▪ Non-VBV | Non-AVS ▪ VISA|MC|AMEX ▪ Fresh | Cheapest	0.0347	I&#039;ll assume you know how to use NON-VBV | NON-AVS cards.<br />Please don&#039;t ask for help or usage. I&#039;ll only say that it&#039;s billing=shipping. <br />You can use any address or name with these cards. They are high balance cards.<br /><br />**Check these cards with a cc checker at your own risk. These cards are sensitive and checker most likely kills it 90% of times.**<br />They are fresh, just use them.<br /><br />PM me for Bulk discount.<br /><br />Details that are provided;<br /><br />- CCnumber / exp. date / sec. code<br />- Full name<br />- Full address including ZIP<br />- (Phonenumber) not always<br />- (Emailaddress) not always	55	Worldwide	Worldwide	Digital	True	
6	18	61	▪ CC ▪ Non-VBV | Non-AVS ▪ VISA|MC|AMEX ▪ Fresh | Cheapest	0.0367		55			Digital		
6	18	62	▪ CC ▪ Non-VBV | Non-AVS ▪ VISA|MC|AMEX ▪ Fresh | Cheapest	0.0357	I&#039;ll assume you know how to use NON-VBV | NON-AVS cards.<br />Please don&#039;t ask for help or usage. I&#039;ll only say that it&#039;s billing=shipping. <br />You can use any address or name with these cards. They are high balance cards.<br /><br />**Check these cards with a cc checker at your own risk. These cards are sensitive and checker most likely kills it 90% of times.**<br />They are fresh, just use them.<br /><br />PM me for Bulk discount.<br /><br />Details that are provided;<br /><br />- CCnumber / exp. date / sec. code<br />- Full name<br />- Full address including ZIP<br />- (Phonenumber) not always<br />- (Emailaddress) not always	55	Worldwide	Worldwide	Digital	True	
7	18	2	Paypal Accounts - Verified	0.0074	Paypal accounts from US &amp; Europe<br /><br />Format you&#039;ll get:<br /><br />Username: Example@example.com<br />Password:  Password<br />Name: Gert Van Grusbeck<br />Primary E-mail: Example@example.com<br />Address: 8725 Chamonix Ln, Vail,&nbsp;CO&nbsp;81656-6231, United States<br />Phone Numbers: 5173871273 | 5173889843 <br />Paypal Balance: $0.00 USD<br />Credit card: Yes | Last 4 numbers: 9243 | Exp date: 6/2017 | Card type: Visa (Confirmed) ; Last 4 numbers: 1913 | Exp date: 6/2016 | Card type: Visa (Confirmed)<br />Bank accounts: Yes | Bank Name: Wells Fargo | Account : Checking x-7242 (Confirmed)<br />Last Transaction Date: Nov 22, 2013, Status: Completed, Total amount: -$26.99 USD<br />Account type: Personal<br />Status: Verified<br />Last log in: December 9, 2013 11:16 AM EST<br />Country: us<br />	55	Worldwide	Worldwide	Digital	True	
7	18	3	Paypal Accounts - Verified	0.0083	Paypal accounts from US &amp; Europe<br /><br />Format you&#039;ll get:<br /><br />Username: Example@example.com<br />Password:  Password<br />Name: Gert Van Grusbeck<br />Primary E-mail: Example@example.com<br />Address: 8725 Chamonix Ln, Vail,&nbsp;CO&nbsp;81656-6231, United States<br />Phone Numbers: 5173871273 | 5173889843 <br />Paypal Balance: $0.00 USD<br />Credit card: Yes | Last 4 numbers: 9243 | Exp date: 6/2017 | Card type: Visa (Confirmed) ; Last 4 numbers: 1913 | Exp date: 6/2016 | Card type: Visa (Confirmed)<br />Bank accounts: Yes | Bank Name: Wells Fargo | Account : Checking x-7242 (Confirmed)<br />Last Transaction Date: Nov 22, 2013, Status: Completed, Total amount: -$26.99 USD<br />Account type: Personal<br />Status: Verified<br />Last log in: December 9, 2013 11:16 AM EST<br />Country: us<br />	55	Worldwide	Worldwide	Digital	True	
7	18	4	Paypal Accounts - Verified	0.0090	Paypal accounts from US &amp; Europe<br /><br />Format you&#039;ll get:<br /><br />Username: Example@example.com<br />Password:  Password<br />Name: Gert Van Grusbeck<br />Primary E-mail: Example@example.com<br />Address: 8725 Chamonix Ln, Vail,&nbsp;CO&nbsp;81656-6231, United States<br />Phone Numbers: 5173871273 | 5173889843 <br />Paypal Balance: $0.00 USD<br />Credit card: Yes | Last 4 numbers: 9243 | Exp date: 6/2017 | Card type: Visa (Confirmed) ; Last 4 numbers: 1913 | Exp date: 6/2016 | Card type: Visa (Confirmed)<br />Bank accounts: Yes | Bank Name: Wells Fargo | Account : Checking x-7242 (Confirmed)<br />Last Transaction Date: Nov 22, 2013, Status: Completed, Total amount: -$26.99 USD<br />Account type: Personal<br />Status: Verified<br />Last log in: December 9, 2013 11:16 AM EST<br />Country: us<br />	55	Worldwide	Worldwide	Digital	True	
7	18	5	Paypal Accounts - Verified	0.0095	Paypal accounts from US &amp; Europe<br /><br />Format you&#039;ll get:<br /><br />Username: Example@example.com<br />Password:  Password<br />Name: Gert Van Grusbeck<br />Primary E-mail: Example@example.com<br />Address: 8725 Chamonix Ln, Vail,&nbsp;CO&nbsp;81656-6231, United States<br />Phone Numbers: 5173871273 | 5173889843 <br />Paypal Balance: $0.00 USD<br />Credit card: Yes | Last 4 numbers: 9243 | Exp date: 6/2017 | Card type: Visa (Confirmed) ; Last 4 numbers: 1913 | Exp date: 6/2016 | Card type: Visa (Confirmed)<br />Bank accounts: Yes | Bank Name: Wells Fargo | Account : Checking x-7242 (Confirmed)<br />Last Transaction Date: Nov 22, 2013, Status: Completed, Total amount: -$26.99 USD<br />Account type: Personal<br />Status: Verified<br />Last log in: December 9, 2013 11:16 AM EST<br />Country: us<br />	55	Worldwide	Worldwide	Digital	True	
7	18	6	Paypal Accounts - Verified	0.0095	Paypal accounts from US &amp; Europe<br /><br />Format you&#039;ll get:<br /><br />Username: Example@example.com<br />Password:  Password<br />Name: Gert Van Grusbeck<br />Primary E-mail: Example@example.com<br />Address: 8725 Chamonix Ln, Vail,&nbsp;CO&nbsp;81656-6231, United States<br />Phone Numbers: 5173871273 | 5173889843 <br />Paypal Balance: $0.00 USD<br />Credit card: Yes | Last 4 numbers: 9243 | Exp date: 6/2017 | Card type: Visa (Confirmed) ; Last 4 numbers: 1913 | Exp date: 6/2016 | Card type: Visa (Confirmed)<br />Bank accounts: Yes | Bank Name: Wells Fargo | Account : Checking x-7242 (Confirmed)<br />Last Transaction Date: Nov 22, 2013, Status: Completed, Total amount: -$26.99 USD<br />Account type: Personal<br />Status: Verified<br />Last log in: December 9, 2013 11:16 AM EST<br />Country: us<br />	55	Worldwide	Worldwide	Digital	True	
7	18	7	Paypal Accounts - Verified	0.0104		55			Digital		
7	18	8	Paypal Accounts - Verified	0.0144	Paypal accounts from US &amp; Europe<br /><br />Format you&#039;ll get:<br /><br />Username: Example@example.com<br />Password:  Password<br />Name: Gert Van Grusbeck<br />Primary E-mail: Example@example.com<br />Address: 8725 Chamonix Ln, Vail,&nbsp;CO&nbsp;81656-6231, United States<br />Phone Numbers: 5173871273 | 5173889843 <br />Paypal Balance: $0.00 USD<br />Credit card: Yes | Last 4 numbers: 9243 | Exp date: 6/2017 | Card type: Visa (Confirmed) ; Last 4 numbers: 1913 | Exp date: 6/2016 | Card type: Visa (Confirmed)<br />Bank accounts: Yes | Bank Name: Wells Fargo | Account : Checking x-7242 (Confirmed)<br />Last Transaction Date: Nov 22, 2013, Status: Completed, Total amount: -$26.99 USD<br />Account type: Personal<br />Status: Verified<br />Last log in: December 9, 2013 11:16 AM EST<br />Country: us<br />	55	Worldwide	Worldwide	Digital	True	
7	18	9	Paypal Accounts - Verified	0.0152		55			Digital		
7	18	10	Paypal Accounts - Verified	0.0161		55			Digital		
7	18	11	Paypal Accounts - Verified	0.0162		55			Digital		
7	18	12	Paypal Accounts - Verified	0.0179		55			Digital		
7	18	13	Paypal Accounts - Verified	0.0176		55			Digital		
7	18	15	Paypal Accounts - Verified	0.0154	Paypal accounts from US &amp; Europe<br /><br />Format you&#039;ll get:<br /><br />Username: Example@example.com<br />Password:  Password<br />Name: Gert Van Grusbeck<br />Primary E-mail: Example@example.com<br />Address: 8725 Chamonix Ln, Vail,&nbsp;CO&nbsp;81656-6231, United States<br />Phone Numbers: 5173871273 | 5173889843 <br />Paypal Balance: $0.00 USD<br />Credit card: Yes | Last 4 numbers: 9243 | Exp date: 6/2017 | Card type: Visa (Confirmed) ; Last 4 numbers: 1913 | Exp date: 6/2016 | Card type: Visa (Confirmed)<br />Bank accounts: Yes | Bank Name: Wells Fargo | Account : Checking x-7242 (Confirmed)<br />Last Transaction Date: Nov 22, 2013, Status: Completed, Total amount: -$26.99 USD<br />Account type: Personal<br />Status: Verified<br />Last log in: December 9, 2013 11:16 AM EST<br />Country: us<br />	55	Worldwide	Worldwide	Digital	True	
7	18	16	Paypal Accounts - Verified	0.0137		55			Digital		
7	18	17	Paypal Accounts - Verified	0.0138	Paypal accounts from US &amp; Europe<br /><br />Format you&#039;ll get:<br /><br />Username: Example@example.com<br />Password:  Password<br />Name: Gert Van Grusbeck<br />Primary E-mail: Example@example.com<br />Address: 8725 Chamonix Ln, Vail,&nbsp;CO&nbsp;81656-6231, United States<br />Phone Numbers: 5173871273 | 5173889843 <br />Paypal Balance: $0.00 USD<br />Credit card: Yes | Last 4 numbers: 9243 | Exp date: 6/2017 | Card type: Visa (Confirmed) ; Last 4 numbers: 1913 | Exp date: 6/2016 | Card type: Visa (Confirmed)<br />Bank accounts: Yes | Bank Name: Wells Fargo | Account : Checking x-7242 (Confirmed)<br />Last Transaction Date: Nov 22, 2013, Status: Completed, Total amount: -$26.99 USD<br />Account type: Personal<br />Status: Verified<br />Last log in: December 9, 2013 11:16 AM EST<br />Country: us<br />	55	Worldwide	Worldwide	Digital	True	
7	18	18	Paypal Accounts - Verified	0.0127	Paypal accounts from US &amp; Europe<br /><br />Format you&#039;ll get:<br /><br />Username: Example@example.com<br />Password:  Password<br />Name: Gert Van Grusbeck<br />Primary E-mail: Example@example.com<br />Address: 8725 Chamonix Ln, Vail,&nbsp;CO&nbsp;81656-6231, United States<br />Phone Numbers: 5173871273 | 5173889843 <br />Paypal Balance: $0.00 USD<br />Credit card: Yes | Last 4 numbers: 9243 | Exp date: 6/2017 | Card type: Visa (Confirmed) ; Last 4 numbers: 1913 | Exp date: 6/2016 | Card type: Visa (Confirmed)<br />Bank accounts: Yes | Bank Name: Wells Fargo | Account : Checking x-7242 (Confirmed)<br />Last Transaction Date: Nov 22, 2013, Status: Completed, Total amount: -$26.99 USD<br />Account type: Personal<br />Status: Verified<br />Last log in: December 9, 2013 11:16 AM EST<br />Country: us<br />	55	Worldwide	Worldwide	Digital	True	
7	18	19	Paypal Accounts - Verified	0.0124		55			Digital		
7	18	20	Paypal Accounts - Verified	0.0118		55			Digital		
7	18	21	Paypal Accounts - Verified	0.0118	Paypal accounts from US &amp; Europe<br /><br />Format you&#039;ll get:<br /><br />Username: Example@example.com<br />Password:  Password<br />Name: Gert Van Grusbeck<br />Primary E-mail: Example@example.com<br />Address: 8725 Chamonix Ln, Vail,&nbsp;CO&nbsp;81656-6231, United States<br />Phone Numbers: 5173871273 | 5173889843 <br />Paypal Balance: $0.00 USD<br />Credit card: Yes | Last 4 numbers: 9243 | Exp date: 6/2017 | Card type: Visa (Confirmed) ; Last 4 numbers: 1913 | Exp date: 6/2016 | Card type: Visa (Confirmed)<br />Bank accounts: Yes | Bank Name: Wells Fargo | Account : Checking x-7242 (Confirmed)<br />Last Transaction Date: Nov 22, 2013, Status: Completed, Total amount: -$26.99 USD<br />Account type: Personal<br />Status: Verified<br />Last log in: December 9, 2013 11:16 AM EST<br />Country: us<br />	55	Worldwide	Worldwide	Digital	True	
7	18	22	Paypal Accounts - Verified	0.0132		55			Digital		
7	18	25	Paypal Accounts - Verified	0.0127		53			Digital		
7	18	26	Paypal Accounts - Verified	0.0129	Paypal accounts from US &amp; Europe<br /><br />Format you&#039;ll get:<br /><br />Username: Example@example.com<br />Password:  Password<br />Name: Gert Van Grusbeck<br />Primary E-mail: Example@example.com<br />Address: 8725 Chamonix Ln, Vail,&nbsp;CO&nbsp;81656-6231, United States<br />Phone Numbers: 5173871273 | 5173889843 <br />Paypal Balance: $0.00 USD<br />Credit card: Yes | Last 4 numbers: 9243 | Exp date: 6/2017 | Card type: Visa (Confirmed) ; Last 4 numbers: 1913 | Exp date: 6/2016 | Card type: Visa (Confirmed)<br />Bank accounts: Yes | Bank Name: Wells Fargo | Account : Checking x-7242 (Confirmed)<br />Last Transaction Date: Nov 22, 2013, Status: Completed, Total amount: -$26.99 USD<br />Account type: Personal<br />Status: Verified<br />Last log in: December 9, 2013 11:16 AM EST<br />Country: us<br />	55	Worldwide	Worldwide	Digital	True	
7	18	27	Paypal Accounts - Verified	0.0128		55			Digital		
7	18	28	Paypal Accounts - Verified	0.0134		55			Digital		
7	18	29	Paypal Accounts - Verified	0.0134	Paypal accounts from US &amp; Europe<br /><br />Format you&#039;ll get:<br /><br />Username: Example@example.com<br />Password:  Password<br />Name: Gert Van Grusbeck<br />Primary E-mail: Example@example.com<br />Address: 8725 Chamonix Ln, Vail,&nbsp;CO&nbsp;81656-6231, United States<br />Phone Numbers: 5173871273 | 5173889843 <br />Paypal Balance: $0.00 USD<br />Credit card: Yes | Last 4 numbers: 9243 | Exp date: 6/2017 | Card type: Visa (Confirmed) ; Last 4 numbers: 1913 | Exp date: 6/2016 | Card type: Visa (Confirmed)<br />Bank accounts: Yes | Bank Name: Wells Fargo | Account : Checking x-7242 (Confirmed)<br />Last Transaction Date: Nov 22, 2013, Status: Completed, Total amount: -$26.99 USD<br />Account type: Personal<br />Status: Verified<br />Last log in: December 9, 2013 11:16 AM EST<br />Country: us<br />	55	Worldwide	Worldwide	Digital	True	
7	18	30	Paypal Accounts - Verified	0.0137		55			Digital		
7	18	31	Paypal Accounts - Verified	0.0136		55			Digital		
7	18	32	Paypal Accounts - Verified	0.0136		53			Digital		
7	18	33	Paypal Accounts - Verified	0.0136		55			Digital		
7	18	34	Paypal Accounts - Verified	0.0148		55	Worldwide		Digital	True	
7	18	35	Paypal Accounts - Verified	0.0153		55	Worldwide		Digital	True	
7	18	36	Paypal Accounts - Verified	0.0160	Paypal accounts from US &amp; Europe<br /><br />Format you&#039;ll get:<br /><br />Username: Example@example.com<br />Password:  Password<br />Name: Gert Van Grusbeck<br />Primary E-mail: Example@example.com<br />Address: 8725 Chamonix Ln, Vail,&nbsp;CO&nbsp;81656-6231, United States<br />Phone Numbers: 5173871273 | 5173889843 <br />Paypal Balance: $0.00 USD<br />Credit card: Yes | Last 4 numbers: 9243 | Exp date: 6/2017 | Card type: Visa (Confirmed) ; Last 4 numbers: 1913 | Exp date: 6/2016 | Card type: Visa (Confirmed)<br />Bank accounts: Yes | Bank Name: Wells Fargo | Account : Checking x-7242 (Confirmed)<br />Last Transaction Date: Nov 22, 2013, Status: Completed, Total amount: -$26.99 USD<br />Account type: Personal<br />Status: Verified<br />Last log in: December 9, 2013 11:16 AM EST<br />Country: us<br />	55	Worldwide	Worldwide	Digital	True	
7	18	37	Paypal Accounts - Verified	0.0156		55	Worldwide		Digital	True	
7	18	38	Paypal Accounts - Verified	0.0169		53			Digital		
7	18	39	Paypal Accounts - Verified	0.0165		55	Worldwide		Digital	True	
7	18	40	Paypal Accounts - Verified	0.0167	Paypal accounts from US &amp; Europe<br /><br />Format you&#039;ll get:<br /><br />Username: Example@example.com<br />Password:  Password<br />Name: Gert Van Grusbeck<br />Primary E-mail: Example@example.com<br />Address: 8725 Chamonix Ln, Vail,&nbsp;CO&nbsp;81656-6231, United States<br />Phone Numbers: 5173871273 | 5173889843 <br />Paypal Balance: $0.00 USD<br />Credit card: Yes | Last 4 numbers: 9243 | Exp date: 6/2017 | Card type: Visa (Confirmed) ; Last 4 numbers: 1913 | Exp date: 6/2016 | Card type: Visa (Confirmed)<br />Bank accounts: Yes | Bank Name: Wells Fargo | Account : Checking x-7242 (Confirmed)<br />Last Transaction Date: Nov 22, 2013, Status: Completed, Total amount: -$26.99 USD<br />Account type: Personal<br />Status: Verified<br />Last log in: December 9, 2013 11:16 AM EST<br />Country: us<br />	55	Worldwide	Worldwide	Digital	True	
7	18	41	Paypal Accounts - Verified	0.0195		55	Worldwide		Digital	True	
7	18	42	Paypal Accounts - Verified	0.0194		55			Digital		
7	18	44	Paypal Accounts - Verified	0.0208	Paypal accounts from US &amp; Europe<br /><br />Format you&#039;ll get:<br /><br />Username: Example@example.com<br />Password:  Password<br />Name: Gert Van Grusbeck<br />Primary E-mail: Example@example.com<br />Address: 8725 Chamonix Ln, Vail,&nbsp;CO&nbsp;81656-6231, United States<br />Phone Numbers: 5173871273 | 5173889843 <br />Paypal Balance: $0.00 USD<br />Credit card: Yes | Last 4 numbers: 9243 | Exp date: 6/2017 | Card type: Visa (Confirmed) ; Last 4 numbers: 1913 | Exp date: 6/2016 | Card type: Visa (Confirmed)<br />Bank accounts: Yes | Bank Name: Wells Fargo | Account : Checking x-7242 (Confirmed)<br />Last Transaction Date: Nov 22, 2013, Status: Completed, Total amount: -$26.99 USD<br />Account type: Personal<br />Status: Verified<br />Last log in: December 9, 2013 11:16 AM EST<br />Country: us<br />	55	Worldwide	Worldwide	Digital	True	
7	18	45	Paypal Accounts - Verified	0.0230		55			Digital		
7	18	48	Paypal Accounts - Verified	0.0241		55			Digital		
7	18	49	Paypal Accounts - Verified	0.0221		55			Digital		
7	18	52	Paypal Accounts - Verified	0.0198		55			Digital		
7	18	54	Paypal Accounts - Verified	0.0203		55			Digital		
7	18	55	Paypal Accounts - Verified	0.0207		55			Digital		
7	18	60	Paypal Accounts - Verified	0.0231	Paypal accounts from US &amp; Europe<br /><br />Format you&#039;ll get:<br /><br />Username: Example@example.com<br />Password:  Password<br />Name: Gert Van Grusbeck<br />Primary E-mail: Example@example.com<br />Address: 8725 Chamonix Ln, Vail,&nbsp;CO&nbsp;81656-6231, United States<br />Phone Numbers: 5173871273 | 5173889843 <br />Paypal Balance: $0.00 USD<br />Credit card: Yes | Last 4 numbers: 9243 | Exp date: 6/2017 | Card type: Visa (Confirmed) ; Last 4 numbers: 1913 | Exp date: 6/2016 | Card type: Visa (Confirmed)<br />Bank accounts: Yes | Bank Name: Wells Fargo | Account : Checking x-7242 (Confirmed)<br />Last Transaction Date: Nov 22, 2013, Status: Completed, Total amount: -$26.99 USD<br />Account type: Personal<br />Status: Verified<br />Last log in: December 9, 2013 11:16 AM EST<br />Country: us<br />	55	Worldwide	Worldwide	Digital	True	
7	18	108	Paypal Accounts - Verified	0.0337		55	Worldwide		Digital	True	[+] You are not allowed to file for dispute if the card is checked working and valid when sent out.<br />[+] There will be no refunds/replacements if the card is approved at the time of sale.<br />[+] If you try to lie and request a replacement to receive an extra card, you will be blacklisted from future sales.<br />[+] Your order will be declined if you have spent less than 0.20 BTC (~$100) on EVO.<br />[+] Your order will be declined if you have a large amount of disputes.<br /><br />★Checking time window is 5 hours from sales or from the time I delivered the card to you★
7	18	111	Paypal Accounts - Verified	0.0291	Paypal accounts from US &amp; Europe<br /><br />Format you&#039;ll get:<br /><br />Username: Example@example.com<br />Password:  Password<br />Name: Gert Van Grusbeck<br />Primary E-mail: Example@example.com<br />Address: 8725 Chamonix Ln, Vail,&nbsp;CO&nbsp;81656-6231, United States<br />Phone Numbers: 5173871273 | 5173889843 <br />Paypal Balance: $0.00 USD<br />Credit card: Yes | Last 4 numbers: 9243 | Exp date: 6/2017 | Card type: Visa (Confirmed) ; Last 4 numbers: 1913 | Exp date: 6/2016 | Card type: Visa (Confirmed)<br />Bank accounts: Yes | Bank Name: Wells Fargo | Account : Checking x-7242 (Confirmed)<br />Last Transaction Date: Nov 22, 2013, Status: Completed, Total amount: -$26.99 USD<br />Account type: Personal<br />Status: Verified<br />Last log in: December 9, 2013 11:16 AM EST<br />Country: us<br />	55	Worldwide	Worldwide	Digital	True	
7	18	112	Paypal Accounts - Verified	0.0293	Paypal accounts from US &amp; Europe<br /><br />Format you&#039;ll get:<br /><br />Username: Example@example.com<br />Password:  Password<br />Name: Gert Van Grusbeck<br />Primary E-mail: Example@example.com<br />Address: 8725 Chamonix Ln, Vail,&nbsp;CO&nbsp;81656-6231, United States<br />Phone Numbers: 5173871273 | 5173889843 <br />Paypal Balance: $0.00 USD<br />Credit card: Yes | Last 4 numbers: 9243 | Exp date: 6/2017 | Card type: Visa (Confirmed) ; Last 4 numbers: 1913 | Exp date: 6/2016 | Card type: Visa (Confirmed)<br />Bank accounts: Yes | Bank Name: Wells Fargo | Account : Checking x-7242 (Confirmed)<br />Last Transaction Date: Nov 22, 2013, Status: Completed, Total amount: -$26.99 USD<br />Account type: Personal<br />Status: Verified<br />Last log in: December 9, 2013 11:16 AM EST<br />Country: us<br />	55	Worldwide	Worldwide	Digital	True	
7	18	113	Paypal Accounts - Verified	0.0278		55	Worldwide		Digital	True	[+] You are not allowed to file for dispute if the card is checked working and valid when sent out.<br />[+] There will be no refunds/replacements if the card is approved at the time of sale.<br />[+] If you try to lie and request a replacement to receive an extra card, you will be blacklisted from future sales.<br />[+] Your order will be declined if you have spent less than 0.20 BTC (~$100) on EVO.<br />[+] Your order will be declined if you have a large amount of disputes.<br /><br />★Checking time window is 5 hours from sales or from the time I delivered the card to you★
8	24	0	Personal Information !!!!!!!!!!!!!!	0.0060	Hey everybody.<br /><br />I have nice DB to sell:<br /><br />Fullz:<br /><br />Full data includes First Name, Middle Name(some of them), Last Name, Address, City, State, Zip, SSN, DOB:<br /><br />5 $ per data.<br />Minimum buy 10 data.<br /><br /><br />ESCROW ACCEPTED.<br /><br />All payments are in BTC.	56	Worldwide	Worldwide	Digital	True	
8	24	1	Personal Information !!!!!!!!!!!!!!	0.0060	Hey everybody.<br /><br />I have nice DB to sell:<br /><br />Fullz:<br /><br />Full data includes First Name, Middle Name(some of them), Last Name, Address, City, State, Zip, SSN, DOB:<br /><br />5 $ per data.<br />Minimum buy 10 data.<br /><br /><br />ESCROW ACCEPTED.<br /><br />All payments are in BTC.	56	Worldwide	Worldwide	Digital	True	
8	24	2	Personal Information !!!!!!!!!!!!!!	0.0061	Hey everybody.<br /><br />I have nice DB to sell:<br /><br />Fullz:<br /><br />Full data includes First Name, Middle Name(some of them), Last Name, Address, City, State, Zip, SSN, DOB:<br /><br />5 $ per data.<br />Minimum buy 10 data.<br /><br /><br />ESCROW ACCEPTED.<br /><br />All payments are in BTC.	56	Worldwide	Worldwide	Digital	True	
8	24	3	Personal Information !!!!!!!!!!!!!!	0.0081	Hey everybody.<br /><br />I have nice DB to sell:<br /><br />Fullz:<br /><br />Full data includes First Name, Middle Name(some of them), Last Name, Address, City, State, Zip, SSN, DOB:<br /><br />5 $ per data.<br />Minimum buy 10 data.<br /><br /><br />ESCROW ACCEPTED.<br /><br />All payments are in BTC.	56	Worldwide	Worldwide	Digital	True	
8	24	4	Personal Information !!!!!!!!!!!!!!	0.0076	Hey everybody.<br /><br />I have nice DB to sell:<br /><br />Fullz:<br /><br />Full data includes First Name, Middle Name(some of them), Last Name, Address, City, State, Zip, SSN, DOB:<br /><br />5 $ per data.<br />Minimum buy 10 data.<br /><br /><br />ESCROW ACCEPTED.<br /><br />All payments are in BTC.	56	Worldwide	Worldwide	Digital	True	
8	24	5	Personal Information !!!!!!!!!!!!!!	0.0079	Hey everybody.<br /><br />I have nice DB to sell:<br /><br />Fullz:<br /><br />Full data includes First Name, Middle Name(some of them), Last Name, Address, City, State, Zip, SSN, DOB:<br /><br />5 $ per data.<br />Minimum buy 10 data.<br /><br /><br />ESCROW ACCEPTED.<br /><br />All payments are in BTC.	56	Worldwide	Worldwide	Digital	True	
8	24	6	Personal Information !!!!!!!!!!!!!!	0.0081	Hey everybody.<br /><br />I have nice DB to sell:<br /><br />Fullz:<br /><br />Full data includes First Name, Middle Name(some of them), Last Name, Address, City, State, Zip, SSN, DOB:<br /><br />5 $ per data.<br />Minimum buy 10 data.<br /><br /><br />ESCROW ACCEPTED.<br /><br />All payments are in BTC.	56	Worldwide	Worldwide	Digital	True	
8	24	7	Personal Information !!!!!!!!!!!!!!	0.0051		56			Digital		
8	24	8	Personal Information !!!!!!!!!!!!!!	0.0045		56			Digital		
8	24	9	Personal Information !!!!!!!!!!!!!!	0.0038		56			Digital		
8	24	10	Personal Information !!!!!!!!!!!!!!	0.0040		56			Digital		
8	24	11	Personal Information !!!!!!!!!!!!!!	0.0040		56			Digital		
8	24	12	Personal Information !!!!!!!!!!!!!!	0.0044		56			Digital		
8	24	13	Personal Information !!!!!!!!!!!!!!	0.0044	Hey everybody.<br /><br />NEW DATA !!!! NEW PRIZE !!!!!!<br /><br />Fullz:<br /><br />Full data includes First Name, Middle Name(some of them), Last Name, Address, City, State, Zip, SSN, DOB<br /><br />!!!!!!!!!!!!!!Minimum buy 10 data.!!!!!!!!!!!!<br /><br />ORDERS FOR 1 DATA WILL BE IGNORE AND DECLINE <br />ORDERS FOR 1 DATA WILL BE IGNORE AND DECLINE <br />ORDERS FOR 1 DATA WILL BE IGNORE AND DECLINE 	56	Worldwide	Worldwide	Digital	True	
8	24	14	Personal Information !!!!!!!!!!!!!!	0.0045		53			Digital		
8	24	15	Personal Information !!!!!!!!!!!!!!	0.0038		56			Digital		
8	24	16	Personal Information !!!!!!!!!!!!!!	0.0034	Hey everybody.<br /><br />NEW DATA !!!! NEW PRIZE !!!!!!<br /><br />Fullz:<br /><br />Full data includes First Name, Middle Name(some of them), Last Name, Address, City, State, Zip, SSN, DOB<br /><br />!!!!!!!!!!!!!!Minimum buy 10 data.!!!!!!!!!!!!<br /><br />ORDERS FOR 1 DATA WILL BE IGNORE AND DECLINE <br />ORDERS FOR 1 DATA WILL BE IGNORE AND DECLINE <br />ORDERS FOR 1 DATA WILL BE IGNORE AND DECLINE 	56	Worldwide	Worldwide	Digital	True	
8	24	17	Personal Information !!!!!!!!!!!!!!	0.0034		56			Digital		
8	24	18	Personal Information !!!!!!!!!!!!!!	0.0032		56			Digital		
8	24	19	Personal Information !!!!!!!!!!!!!!	0.0031		56			Digital		
8	24	20	Personal Information !!!!!!!!!!!!!!	0.0029	Hey everybody.<br /><br />NEW DATA !!!! NEW PRIZE !!!!!!<br /><br />Fullz:<br /><br />Full data includes First Name, Middle Name(some of them), Last Name, Address, City, State, Zip, SSN, DOB<br /><br />!!!!!!!!!!!!!!Minimum buy 10 data.!!!!!!!!!!!!<br /><br />ORDERS FOR 1 DATA WILL BE IGNORE AND DECLINE <br />ORDERS FOR 1 DATA WILL BE IGNORE AND DECLINE <br />ORDERS FOR 1 DATA WILL BE IGNORE AND DECLINE 	56	Worldwide	Worldwide	Digital	True	
8	24	21	Personal Information !!!!!!!!!!!!!!	0.0029		56			Digital		
8	24	22	Personal Information !!!!!!!!!!!!!!	0.0032		56			Digital		
8	24	23	Personal Information !!!!!!!!!!!!!!	0.0033		53			Digital		
8	24	24	Personal Information !!!!!!!!!!!!!!	0.0034	Hey everybody.<br /><br />NEW DATA !!!! NEW PRIZE !!!!!!<br /><br />Fullz:<br /><br />Full data includes First Name, Middle Name(some of them), Last Name, Address, City, State, Zip, SSN, DOB<br /><br />!!!!!!!!!!!!!!Minimum buy 10 data.!!!!!!!!!!!!<br /><br />ORDERS FOR 1 DATA WILL BE IGNORE AND DECLINE <br />ORDERS FOR 1 DATA WILL BE IGNORE AND DECLINE <br />ORDERS FOR 1 DATA WILL BE IGNORE AND DECLINE 	56	Worldwide	Worldwide	Digital	True	
8	24	25	Personal Information !!!!!!!!!!!!!!	0.0031		56			Digital		
8	24	26	Personal Information !!!!!!!!!!!!!!	0.0032		56			Digital		
8	24	27	Personal Information !!!!!!!!!!!!!!	0.0031	Hey everybody.<br /><br />NEW DATA !!!! NEW PRIZE !!!!!!<br /><br />Fullz:<br /><br />Full data includes First Name, Middle Name(some of them), Last Name, Address, City, State, Zip, SSN, DOB<br /><br />!!!!!!!!!!!!!!Minimum buy 10 data.!!!!!!!!!!!!<br /><br />ORDERS FOR 1 DATA WILL BE IGNORE AND DECLINE <br />ORDERS FOR 1 DATA WILL BE IGNORE AND DECLINE <br />ORDERS FOR 1 DATA WILL BE IGNORE AND DECLINE 	56	Worldwide	Worldwide	Digital	True	
8	24	28	Personal Information !!!!!!!!!!!!!!	0.0033		56			Digital		
8	24	29	Personal Information !!!!!!!!!!!!!!	0.0033	Hey everybody.<br /><br />NEW DATA !!!! NEW PRIZE !!!!!!<br /><br />Fullz:<br /><br />Full data includes First Name, Middle Name(some of them), Last Name, Address, City, State, Zip, SSN, DOB<br /><br />!!!!!!!!!!!!!!Minimum buy 10 data.!!!!!!!!!!!!<br /><br />ORDERS FOR 1 DATA WILL BE IGNORE AND DECLINE <br />ORDERS FOR 1 DATA WILL BE IGNORE AND DECLINE <br />ORDERS FOR 1 DATA WILL BE IGNORE AND DECLINE 	56	Worldwide	Worldwide	Digital	True	
8	24	30	Personal Information !!!!!!!!!!!!!!	0.0034		56			Digital		
8	24	31	Personal Information !!!!!!!!!!!!!!	0.0034		56			Digital		
8	24	32	Personal Information !!!!!!!!!!!!!!	0.0034		56			Digital		
8	24	33	Personal Information !!!!!!!!!!!!!!	0.0033		56			Digital		
8	24	34	Personal Information !!!!!!!!!!!!!!	0.0038		56	Worldwide		Digital	True	
8	24	35	Personal Information !!!!!!!!!!!!!!	0.0037		56	Worldwide		Digital	True	
8	24	36	Personal Information !!!!!!!!!!!!!!	0.0039	Hey everybody.<br /><br />NEW DATA !!!! NEW PRIZE !!!!!!<br /><br />Fullz:<br /><br />Full data includes First Name, Middle Name(some of them), Last Name, Address, City, State, Zip, SSN, DOB<br /><br />!!!!!!!!!!!!!!Minimum buy 10 data.!!!!!!!!!!!!<br /><br />ORDERS FOR 1 DATA WILL BE IGNORE AND DECLINE <br />ORDERS FOR 1 DATA WILL BE IGNORE AND DECLINE <br />ORDERS FOR 1 DATA WILL BE IGNORE AND DECLINE 	56	Worldwide	Worldwide	Digital	True	
8	24	37	Personal Information !!!!!!!!!!!!!!	0.0038		56	Worldwide		Digital	True	
8	24	38	Personal Information !!!!!!!!!!!!!!	0.0041	Hey everybody.<br /><br />NEW DATA !!!! NEW PRIZE !!!!!!<br /><br />Fullz:<br /><br />Full data includes First Name, Middle Name(some of them), Last Name, Address, City, State, Zip, SSN, DOB<br /><br />!!!!!!!!!!!!!!Minimum buy 10 data.!!!!!!!!!!!!<br /><br />ORDERS FOR 1 DATA WILL BE IGNORE AND DECLINE <br />ORDERS FOR 1 DATA WILL BE IGNORE AND DECLINE <br />ORDERS FOR 1 DATA WILL BE IGNORE AND DECLINE 	56	Worldwide	Worldwide	Digital	True	
8	24	39	Personal Information !!!!!!!!!!!!!!	0.0041		56	Worldwide		Digital	True	
8	24	40	Personal Information !!!!!!!!!!!!!!	0.0041		56	Worldwide		Digital	True	
8	24	41	Personal Information !!!!!!!!!!!!!!	0.0047		56	Worldwide		Digital	True	
8	24	42	Personal Information !!!!!!!!!!!!!!	0.0050		56	Worldwide		Digital	True	
8	24	43	Personal Information !!!!!!!!!!!!!!	0.0048		56			Digital		
8	24	44	Personal Information !!!!!!!!!!!!!!	0.0053	Hey everybody.<br /><br />NEW DATA !!!! NEW PRIZE !!!!!!<br /><br />Fullz:<br /><br />Full data includes First Name, Middle Name(some of them), Last Name, Address, City, State, Zip, SSN, DOB<br /><br />!!!!!!!!!!!!!!Minimum buy 10 data.!!!!!!!!!!!!<br /><br />ORDERS FOR 1 DATA WILL BE IGNORE AND DECLINE <br />ORDERS FOR 1 DATA WILL BE IGNORE AND DECLINE <br />ORDERS FOR 1 DATA WILL BE IGNORE AND DECLINE 	56	Worldwide	Worldwide	Digital	True	
8	24	45	Personal Information !!!!!!!!!!!!!!	0.0055	Hey everybody.<br /><br />NEW DATA !!!! NEW PRIZE !!!!!!<br /><br />Fullz:<br /><br />Full data includes First Name, Middle Name(some of them), Last Name, Address, City, State, Zip, SSN, DOB<br /><br />!!!!!!!!!!!!!!Minimum buy 10 data.!!!!!!!!!!!!<br /><br />ORDERS FOR 1 DATA WILL BE IGNORE AND DECLINE <br />ORDERS FOR 1 DATA WILL BE IGNORE AND DECLINE <br />ORDERS FOR 1 DATA WILL BE IGNORE AND DECLINE 	56	Worldwide	Worldwide	Digital	True	
8	24	47	Personal Information !!!!!!!!!!!!!!	0.0061		56			Digital		
8	24	48	Personal Information !!!!!!!!!!!!!!	0.0057		56	Worldwide		Digital	True	
8	24	49	Personal Information !!!!!!!!!!!!!!	0.0053	Hey everybody.<br /><br />NEW DATA !!!! NEW PRIZE !!!!!!<br /><br />Fullz:<br /><br />Full data includes First Name, Middle Name(some of them), Last Name, Address, City, State, Zip, SSN, DOB<br /><br />!!!!!!!!!!!!!!Minimum buy 10 data.!!!!!!!!!!!!<br /><br />ORDERS FOR 1 DATA WILL BE IGNORE AND DECLINE <br />ORDERS FOR 1 DATA WILL BE IGNORE AND DECLINE <br />ORDERS FOR 1 DATA WILL BE IGNORE AND DECLINE 	56	Worldwide	Worldwide	Digital	True	
8	24	50	Personal Information !!!!!!!!!!!!!!	0.0055		56			Digital		
8	24	51	Personal Information !!!!!!!!!!!!!!	0.0052		56			Digital		
8	24	52	Personal Information !!!!!!!!!!!!!!	0.0050		56	Worldwide		Digital	True	
8	24	54	Personal Information !!!!!!!!!!!!!!	0.0051	Hey everybody.<br /><br />NEW DATA !!!! NEW PRIZE !!!!!!<br /><br />Fullz:<br /><br />Full data includes First Name, Middle Name(some of them), Last Name, Address, City, State, Zip, SSN, DOB<br /><br />!!!!!!!!!!!!!!Minimum buy 10 data.!!!!!!!!!!!!<br /><br />ORDERS FOR 1 DATA WILL BE IGNORE AND DECLINE <br />ORDERS FOR 1 DATA WILL BE IGNORE AND DECLINE <br />ORDERS FOR 1 DATA WILL BE IGNORE AND DECLINE 	56	Worldwide	Worldwide	Digital	True	
8	24	55	Personal Information !!!!!!!!!!!!!!	0.0052	Hey everybody.<br /><br />NEW DATA !!!! NEW PRIZE !!!!!!<br /><br />Fullz:<br /><br />Full data includes First Name, Middle Name(some of them), Last Name, Address, City, State, Zip, SSN, DOB<br /><br />!!!!!!!!!!!!!!Minimum buy 10 data.!!!!!!!!!!!!<br /><br />ORDERS FOR 1 DATA WILL BE IGNORE AND DECLINE <br />ORDERS FOR 1 DATA WILL BE IGNORE AND DECLINE <br />ORDERS FOR 1 DATA WILL BE IGNORE AND DECLINE 	56	Worldwide	Worldwide	Digital	True	
8	24	56	Personal Information !!!!!!!!!!!!!!	0.0051		56			Digital		
8	24	57	Personal Information !!!!!!!!!!!!!!	0.0056		56	Worldwide		Digital	True	
8	24	58	Personal Information !!!!!!!!!!!!!!	0.0056		56			Digital		
8	24	59	Personal Information !!!!!!!!!!!!!!	0.0056	Hey everybody.<br /><br />NEW DATA !!!! NEW PRIZE !!!!!!<br /><br />Fullz:<br /><br />Full data includes First Name, Middle Name(some of them), Last Name, Address, City, State, Zip, SSN, DOB<br /><br />!!!!!!!!!!!!!!Minimum buy 10 data.!!!!!!!!!!!!<br /><br />ORDERS FOR 1 DATA WILL BE IGNORE AND DECLINE <br />ORDERS FOR 1 DATA WILL BE IGNORE AND DECLINE <br />ORDERS FOR 1 DATA WILL BE IGNORE AND DECLINE 	56	Worldwide	Worldwide	Digital	True	
8	24	60	Personal Information !!!!!!!!!!!!!!	0.0057		56	Worldwide		Digital	True	
8	24	61	Personal Information !!!!!!!!!!!!!!	0.0061		56			Digital		
8	24	62	Personal Information !!!!!!!!!!!!!!	0.0058		56			Digital		
8	24	65	Personal Information !!!!!!!!!!!!!!	0.0054		56			Digital		
8	24	66	Personal Information !!!!!!!!!!!!!!	0.0050		56			Digital		
8	24	67	Personal Information !!!!!!!!!!!!!!	0.0051		56			Digital		
8	24	68	Personal Information !!!!!!!!!!!!!!	0.0051		56			Digital		
8	24	69	Personal Information !!!!!!!!!!!!!!	0.0052		56			Digital		
8	24	70	Personal Information !!!!!!!!!!!!!!	0.0052		56			Digital		
8	24	71	Personal Information !!!!!!!!!!!!!!	0.0056		56			Digital		
8	24	72	Personal Information !!!!!!!!!!!!!!	0.0054		56			Digital		
8	24	73	Personal Information !!!!!!!!!!!!!!	0.0055		56			Digital		
8	24	74	Personal Information !!!!!!!!!!!!!!	0.0052	Hey everybody.<br /><br />NEW DATA !!!! NEW PRIZE !!!!!!<br /><br />Fullz:<br /><br />Full data includes First Name, Middle Name(some of them), Last Name, Address, City, State, Zip, SSN, DOB<br /><br />!!!!!!!!!!!!!!Minimum buy 10 data.!!!!!!!!!!!!<br /><br />ORDERS FOR 1 DATA WILL BE IGNORE AND DECLINE <br />ORDERS FOR 1 DATA WILL BE IGNORE AND DECLINE <br />ORDERS FOR 1 DATA WILL BE IGNORE AND DECLINE 	56	Worldwide	Worldwide	Digital	True	
8	24	75	Personal Information !!!!!!!!!!!!!!	0.0051		56			Digital		
8	24	76	Personal Information !!!!!!!!!!!!!!	0.0026	Hey everybody.<br /><br />NEW DATA !!!! NEW PRIZE !!!!!!<br /><br />Fullz:<br /><br />Full data includes First Name, Middle Name(some of them), Last Name, Address, City, State, Zip, SSN, DOB<br /><br />!!!!!!!!!!!!!!Minimum buy 10 data.!!!!!!!!!!!!<br /><br />ORDERS FOR 1 DATA WILL BE IGNORE AND DECLINE <br />ORDERS FOR 1 DATA WILL BE IGNORE AND DECLINE <br />ORDERS FOR 1 DATA WILL BE IGNORE AND DECLINE 	56	Worldwide	Worldwide	Digital	True	
8	24	78	Personal Information !!!!!!!!!!!!!!	0.0026		56			Digital		
8	24	79	Personal Information !!!!!!!!!!!!!!	0.0026		56			Digital		
8	24	80	Personal Information !!!!!!!!!!!!!!	0.0026		56			Digital		
8	24	81	Personal Information !!!!!!!!!!!!!!	0.0027		56	Worldwide		Digital	True	
8	24	82	Personal Information !!!!!!!!!!!!!!	0.0028	Hey everybody.<br /><br />NEW DATA !!!! NEW PRIZE !!!!!!<br /><br />Fullz:<br /><br />Full data includes First Name, Middle Name(some of them), Last Name, Address, City, State, Zip, SSN, DOB<br /><br />!!!!!!!!!!!!!!Minimum buy 10 data.!!!!!!!!!!!!<br /><br />ORDERS FOR 1 DATA WILL BE IGNORE AND DECLINE <br />ORDERS FOR 1 DATA WILL BE IGNORE AND DECLINE <br />ORDERS FOR 1 DATA WILL BE IGNORE AND DECLINE 	56	Worldwide	Worldwide	Digital	True	
8	24	83	Personal Information !!!!!!!!!!!!!!	0.0031		56			Digital		
8	24	84	Personal Information !!!!!!!!!!!!!!	0.0030	Hey everybody.<br /><br />NEW DATA !!!! NEW PRIZE !!!!!!<br /><br />Fullz:<br /><br />Full data includes First Name, Middle Name(some of them), Last Name, Address, City, State, Zip, SSN, DOB<br /><br />!!!!!!!!!!!!!!Minimum buy 10 data.!!!!!!!!!!!!<br /><br />ORDERS FOR 1 DATA WILL BE IGNORE AND DECLINE <br />ORDERS FOR 1 DATA WILL BE IGNORE AND DECLINE <br />ORDERS FOR 1 DATA WILL BE IGNORE AND DECLINE 	56	Worldwide	Worldwide	Digital	True	
8	24	85	Personal Information !!!!!!!!!!!!!!	0.0031		56			Digital		
8	24	86	Personal Information !!!!!!!!!!!!!!	0.0031	Hey everybody.<br /><br />NEW DATA !!!! NEW PRIZE !!!!!!<br /><br />Fullz:<br /><br />Full data includes First Name, Middle Name(some of them), Last Name, Address, City, State, Zip, SSN, DOB<br /><br />!!!!!!!!!!!!!!Minimum buy 10 data.!!!!!!!!!!!!<br /><br />ORDERS FOR 1 DATA WILL BE IGNORE AND DECLINE <br />ORDERS FOR 1 DATA WILL BE IGNORE AND DECLINE <br />ORDERS FOR 1 DATA WILL BE IGNORE AND DECLINE 	56	Worldwide	Worldwide	Digital	True	
8	24	87	Personal Information !!!!!!!!!!!!!!	0.0032	Hey everybody.<br /><br />NEW DATA !!!! NEW PRIZE !!!!!!<br /><br />Fullz:<br /><br />Full data includes First Name, Middle Name(some of them), Last Name, Address, City, State, Zip, SSN, DOB<br /><br />!!!!!!!!!!!!!!Minimum buy 10 data.!!!!!!!!!!!!<br /><br />ORDERS FOR 1 DATA WILL BE IGNORE AND DECLINE <br />ORDERS FOR 1 DATA WILL BE IGNORE AND DECLINE <br />ORDERS FOR 1 DATA WILL BE IGNORE AND DECLINE 	56	Worldwide	Worldwide	Digital	True	
8	24	88	Personal Information !!!!!!!!!!!!!!	0.0037	Hey everybody.<br /><br />NEW DATA !!!! NEW PRIZE !!!!!!<br /><br />Fullz:<br /><br />Full data includes First Name, Middle Name(some of them), Last Name, Address, City, State, Zip, SSN, DOB<br /><br />!!!!!!!!!!!!!!Minimum buy 10 data.!!!!!!!!!!!!<br /><br />ORDERS FOR 1 DATA WILL BE IGNORE AND DECLINE <br />ORDERS FOR 1 DATA WILL BE IGNORE AND DECLINE <br />ORDERS FOR 1 DATA WILL BE IGNORE AND DECLINE 	56	Worldwide	Worldwide	Digital	True	
8	24	90	Personal Information !!!!!!!!!!!!!!	0.0034		56			Digital		
8	24	91	Personal Information !!!!!!!!!!!!!!	0.0035		56			Digital		
8	24	93	Personal Information !!!!!!!!!!!!!!	0.0035		56			Digital		
8	24	94	Personal Information !!!!!!!!!!!!!!	0.0036		56			Digital		
8	24	95	Personal Information !!!!!!!!!!!!!!	0.0045	Hey everybody.<br /><br />NEW DATA !!!! NEW PRIZE !!!!!!<br /><br />Fullz:<br /><br />Full data includes First Name, Middle Name(some of them), Last Name, Address, City, State, Zip, SSN, DOB<br /><br />!!!!!!!!!!!!!!Minimum buy 10 data.!!!!!!!!!!!!<br /><br />ORDERS FOR 1 DATA WILL BE IGNORE AND DECLINE <br />ORDERS FOR 1 DATA WILL BE IGNORE AND DECLINE <br />ORDERS FOR 1 DATA WILL BE IGNORE AND DECLINE 	56	Worldwide	Worldwide	Digital	True	
8	24	96	Personal Information !!!!!!!!!!!!!!	0.0050		56			Digital		
8	24	97	Personal Information !!!!!!!!!!!!!!	0.0042	Hey everybody.<br /><br />NEW DATA !!!! NEW PRIZE !!!!!!<br /><br />Fullz:<br /><br />Full data includes First Name, Middle Name(some of them), Last Name, Address, City, State, Zip, SSN, DOB<br /><br />!!!!!!!!!!!!!!Minimum buy 10 data.!!!!!!!!!!!!<br /><br />ORDERS FOR 1 DATA WILL BE IGNORE AND DECLINE <br />ORDERS FOR 1 DATA WILL BE IGNORE AND DECLINE <br />ORDERS FOR 1 DATA WILL BE IGNORE AND DECLINE 	56	Worldwide	Worldwide	Digital	True	
8	24	98	Personal Information !!!!!!!!!!!!!!	0.0040	Hey everybody.<br /><br />NEW DATA !!!! NEW PRIZE !!!!!!<br /><br />Fullz:<br /><br />Full data includes First Name, Middle Name(some of them), Last Name, Address, City, State, Zip, SSN, DOB<br /><br />!!!!!!!!!!!!!!Minimum buy 10 data.!!!!!!!!!!!!<br /><br />ORDERS FOR 1 DATA WILL BE IGNORE AND DECLINE <br />ORDERS FOR 1 DATA WILL BE IGNORE AND DECLINE <br />ORDERS FOR 1 DATA WILL BE IGNORE AND DECLINE 	56	Worldwide	Worldwide	Digital	True	
8	24	99	Personal Information !!!!!!!!!!!!!!	0.0043		56	Worldwide		Digital	True	
8	24	100	Personal Information !!!!!!!!!!!!!!	0.0043		56	Worldwide		Digital	True	
8	24	101	Personal Information !!!!!!!!!!!!!!	0.0044		56	Worldwide		Digital	True	
8	24	102	Personal Information !!!!!!!!!!!!!!	0.0046	Hey everybody.<br /><br />NEW DATA !!!! NEW PRIZE !!!!!!<br /><br />Fullz:<br /><br />Full data includes First Name, Middle Name(some of them), Last Name, Address, City, State, Zip, SSN, DOB<br /><br />!!!!!!!!!!!!!!Minimum buy 10 data.!!!!!!!!!!!!<br /><br />ORDERS FOR 1 DATA WILL BE IGNORE AND DECLINE <br />ORDERS FOR 1 DATA WILL BE IGNORE AND DECLINE <br />ORDERS FOR 1 DATA WILL BE IGNORE AND DECLINE 	56	Worldwide	Worldwide	Digital	True	
8	24	103	Personal Information !!!!!!!!!!!!!!	0.0044		56	Worldwide		Digital	True	
8	24	104	Personal Information !!!!!!!!!!!!!!	0.0045		56	Worldwide		Digital	True	
8	24	105	Personal Information !!!!!!!!!!!!!!	0.0045		56	Worldwide		Digital	True	
8	24	106	Personal Information !!!!!!!!!!!!!!	0.0042		56	Worldwide		Digital	True	
8	24	107	Personal Information !!!!!!!!!!!!!!	0.0040		56	Worldwide		Digital	True	
8	24	108	Personal Information !!!!!!!!!!!!!!	0.0042		56	Worldwide		Digital	True	
8	24	109	Personal Information !!!!!!!!!!!!!!	0.0041	Hey everybody.<br /><br />NEW DATA !!!! NEW PRIZE !!!!!!<br /><br />Fullz:<br /><br />Full data includes First Name, Middle Name(some of them), Last Name, Address, City, State, Zip, SSN, DOB<br /><br />!!!!!!!!!!!!!!Minimum buy 10 data.!!!!!!!!!!!!<br /><br />ORDERS FOR 1 DATA WILL BE IGNORE AND DECLINE <br />ORDERS FOR 1 DATA WILL BE IGNORE AND DECLINE <br />ORDERS FOR 1 DATA WILL BE IGNORE AND DECLINE 	56	Worldwide	Worldwide	Digital	True	
8	24	110	Personal Information !!!!!!!!!!!!!!	0.0040	Hey everybody.<br /><br />NEW DATA !!!! NEW PRIZE !!!!!!<br /><br />Fullz:<br /><br />Full data includes First Name, Middle Name(some of them), Last Name, Address, City, State, Zip, SSN, DOB<br /><br />!!!!!!!!!!!!!!Minimum buy 10 data.!!!!!!!!!!!!<br /><br />ORDERS FOR 1 DATA WILL BE IGNORE AND DECLINE <br />ORDERS FOR 1 DATA WILL BE IGNORE AND DECLINE <br />ORDERS FOR 1 DATA WILL BE IGNORE AND DECLINE 	56	Worldwide	Worldwide	Digital	True	
8	24	111	Personal Information !!!!!!!!!!!!!!	0.0036		56	Worldwide		Digital	True	
8	24	112	Personal Information !!!!!!!!!!!!!!	0.0036		56	Worldwide		Digital	True	
8	24	113	Personal Information !!!!!!!!!!!!!!	0.0035		56	Worldwide		Digital	True	
8	24	114	Personal Information !!!!!!!!!!!!!!	0.0034	Hey everybody.<br /><br />NEW DATA !!!! NEW PRIZE !!!!!!<br /><br />Fullz:<br /><br />Full data includes First Name, Middle Name(some of them), Last Name, Address, City, State, Zip, SSN, DOB<br /><br />!!!!!!!!!!!!!!Minimum buy 10 data.!!!!!!!!!!!!<br /><br />ORDERS FOR 1 DATA WILL BE IGNORE AND DECLINE <br />ORDERS FOR 1 DATA WILL BE IGNORE AND DECLINE <br />ORDERS FOR 1 DATA WILL BE IGNORE AND DECLINE 	56	Worldwide	Worldwide	Digital	True	
9	24	0	Personal Inforamtion + Bank accounts	0.0242	Fullz + Bank Account number:<br /><br />Full data includes First Name, Middle Name(some of them), Last Name, Address, City, State, Zip, SSN, DOB, HomePhone, CellPhone, 2 Last Employment, Bank Name, Account Number, Type of Account	56	Worldwide	Worldwide	Digital	True	
9	24	1	Personal Inforamtion + Bank accounts	0.0241	Fullz + Bank Account number:<br /><br />Full data includes First Name, Middle Name(some of them), Last Name, Address, City, State, Zip, SSN, DOB, HomePhone, CellPhone, 2 Last Employment, Bank Name, Account Number, Type of Account	56	Worldwide	Worldwide	Digital	True	
9	24	2	Personal Inforamtion + Bank accounts	0.0246	Fullz + Bank Account number:<br /><br />Full data includes First Name, Middle Name(some of them), Last Name, Address, City, State, Zip, SSN, DOB, HomePhone, CellPhone, 2 Last Employment, Bank Name, Account Number, Type of Account	56	Worldwide	Worldwide	Digital	True	
9	24	3	Personal Inforamtion + Bank accounts	0.0327	Fullz + Bank Account number:<br /><br />Full data includes First Name, Middle Name(some of them), Last Name, Address, City, State, Zip, SSN, DOB, HomePhone, CellPhone, 2 Last Employment, Bank Name, Account Number, Type of Account	56	Worldwide	Worldwide	Digital	True	
9	24	4	Personal Inforamtion + Bank accounts	0.0305	Fullz + Bank Account number:<br /><br />Full data includes First Name, Middle Name(some of them), Last Name, Address, City, State, Zip, SSN, DOB, HomePhone, CellPhone, 2 Last Employment, Bank Name, Account Number, Type of Account	56	Worldwide	Worldwide	Digital	True	
9	24	5	Personal Inforamtion + Bank accounts	0.0318	Fullz + Bank Account number:<br /><br />Full data includes First Name, Middle Name(some of them), Last Name, Address, City, State, Zip, SSN, DOB, HomePhone, CellPhone, 2 Last Employment, Bank Name, Account Number, Type of Account	56	Worldwide	Worldwide	Digital	True	
9	24	6	Personal Inforamtion + Bank accounts	0.0326	Fullz + Bank Account number:<br /><br />Full data includes First Name, Middle Name(some of them), Last Name, Address, City, State, Zip, SSN, DOB, HomePhone, CellPhone, 2 Last Employment, Bank Name, Account Number, Type of Account	56	Worldwide	Worldwide	Digital	True	
9	24	7	Personal Inforamtion + Bank accounts	0.0344		56			Digital		
9	24	8	Personal Inforamtion + Bank accounts	0.0450	Fullz + Bank Account number:<br /><br />Full data includes First Name, Middle Name(some of them), Last Name, Address, City, State, Zip, SSN, DOB, HomePhone, CellPhone, 2 Last Employment, Bank Name, Account Number, Type of Account	56	Worldwide	Worldwide	Digital	True	
9	24	9	Personal Inforamtion + Bank accounts	0.0380		56			Digital		
9	24	10	Personal Inforamtion + Bank accounts	0.0403	Fullz + Bank Account number:<br /><br />Full data includes First Name, Middle Name(some of them), Last Name, Address, City, State, Zip, SSN, DOB, HomePhone, CellPhone, 2 Last Employment, Bank Name, Account Number, Type of Account	56	Worldwide	Worldwide	Digital	True	
9	24	11	Personal Inforamtion + Bank accounts	0.0406	Fullz + Bank Account number:<br /><br />Full data includes First Name, Middle Name(some of them), Last Name, Address, City, State, Zip, SSN, DOB, HomePhone, CellPhone, 2 Last Employment, Bank Name, Account Number, Type of Account	56	Worldwide	Worldwide	Digital	True	
9	24	12	Personal Inforamtion + Bank accounts	0.0445		56			Digital		
9	24	15	Personal Inforamtion + Bank accounts	0.0382	Fullz + Bank Account number:<br /><br />Full data includes First Name, Middle Name(some of them), Last Name, Address, City, State, Zip, SSN, DOB, HomePhone, CellPhone, 2 Last Employment, Bank Name, Account Number, Type of Account	56	Worldwide	Worldwide	Digital	True	
9	24	17	Personal Inforamtion + Bank accounts	0.0348		56			Digital		
9	24	18	Personal Inforamtion + Bank accounts	0.0321		56			Digital		
9	24	19	Personal Inforamtion + Bank accounts	0.0319		56			Digital		
9	24	21	Personal Inforamtion + Bank accounts	0.0306		56			Digital		
9	24	22	Personal Inforamtion + Bank accounts	0.0327		56			Digital		
9	24	24	Personal Inforamtion + Bank accounts	0.0341		56			Digital		
9	24	26	Personal Inforamtion + Bank accounts	0.0323		56			Digital		
9	24	27	Personal Inforamtion + Bank accounts	0.0317	Fullz + Bank Account number:<br /><br />Full data includes First Name, Middle Name(some of them), Last Name, Address, City, State, Zip, SSN, DOB, HomePhone, CellPhone, 2 Last Employment, Bank Name, Account Number, Type of Account	56	Worldwide	Worldwide	Digital	True	
9	24	28	Personal Inforamtion + Bank accounts	0.0337		56			Digital		
9	24	29	Personal Inforamtion + Bank accounts	0.0336		56			Digital		
9	24	30	Personal Inforamtion + Bank accounts	0.0341	Fullz + Bank Account number:<br /><br />Full data includes First Name, Middle Name(some of them), Last Name, Address, City, State, Zip, SSN, DOB, HomePhone, CellPhone, 2 Last Employment, Bank Name, Account Number, Type of Account	56	Worldwide	Worldwide	Digital	True	
9	24	31	Personal Inforamtion + Bank accounts	0.0341		56			Digital		
9	24	33	Personal Inforamtion + Bank accounts	0.0340		56			Digital		
9	24	34	Personal Inforamtion + Bank accounts	0.0388		56	Worldwide		Digital	True	
9	24	35	Personal Inforamtion + Bank accounts	0.0378		56			Digital		
9	24	36	Personal Inforamtion + Bank accounts	0.0400		56			Digital		
9	24	37	Personal Inforamtion + Bank accounts	0.0385		56	Worldwide		Digital	True	
9	24	38	Personal Inforamtion + Bank accounts	0.0418		56			Digital		
9	24	39	Personal Inforamtion + Bank accounts	0.0412		56	Worldwide		Digital	True	
9	24	40	Personal Inforamtion + Bank accounts	0.0418	Fullz + Bank Account number:<br /><br />Full data includes First Name, Middle Name(some of them), Last Name, Address, City, State, Zip, SSN, DOB, HomePhone, CellPhone, 2 Last Employment, Bank Name, Account Number, Type of Account	56	Worldwide	Worldwide	Digital	True	
9	24	41	Personal Inforamtion + Bank accounts	0.0465		56	Worldwide		Digital	True	
9	24	42	Personal Inforamtion + Bank accounts	0.0501	Fullz + Bank Account number:<br /><br />Full data includes First Name, Middle Name(some of them), Last Name, Address, City, State, Zip, SSN, DOB, HomePhone, CellPhone, 2 Last Employment, Bank Name, Account Number, Type of Account	56	Worldwide	Worldwide	Digital	True	
9	24	43	Personal Inforamtion + Bank accounts	0.0487		56			Digital		
9	24	44	Personal Inforamtion + Bank accounts	0.0532	Fullz + Bank Account number:<br /><br />Full data includes First Name, Middle Name(some of them), Last Name, Address, City, State, Zip, SSN, DOB, HomePhone, CellPhone, 2 Last Employment, Bank Name, Account Number, Type of Account	56	Worldwide	Worldwide	Digital	True	
9	24	45	Personal Inforamtion + Bank accounts	0.0577		56			Digital		
9	24	48	Personal Inforamtion + Bank accounts	0.0603		56			Digital		
9	24	49	Personal Inforamtion + Bank accounts	0.0553		56			Digital		
9	24	52	Personal Inforamtion + Bank accounts	0.0500	Fullz + Bank Account number:<br /><br />Full data includes First Name, Middle Name(some of them), Last Name, Address, City, State, Zip, SSN, DOB, HomePhone, CellPhone, 2 Last Employment, Bank Name, Account Number, Type of Account	56	Worldwide	Worldwide	Digital	True	
9	24	54	Personal Inforamtion + Bank accounts	0.0510	Fullz + Bank Account number:<br /><br />Full data includes First Name, Middle Name(some of them), Last Name, Address, City, State, Zip, SSN, DOB, HomePhone, CellPhone, 2 Last Employment, Bank Name, Account Number, Type of Account	56	Worldwide	Worldwide	Digital	True	
9	24	55	Personal Inforamtion + Bank accounts	0.0518		56			Digital		
9	24	57	Personal Inforamtion + Bank accounts	0.0560	Fullz + Bank Account number:<br /><br />Full data includes First Name, Middle Name(some of them), Last Name, Address, City, State, Zip, SSN, DOB, HomePhone, CellPhone, 2 Last Employment, Bank Name, Account Number, Type of Account	56	Worldwide	Worldwide	Digital	True	
9	24	59	Personal Inforamtion + Bank accounts	0.0568		56			Digital		
9	24	60	Personal Inforamtion + Bank accounts	0.0574	Fullz + Bank Account number:<br /><br />Full data includes First Name, Middle Name(some of them), Last Name, Address, City, State, Zip, SSN, DOB, HomePhone, CellPhone, 2 Last Employment, Bank Name, Account Number, Type of Account	56	Worldwide	Worldwide	Digital	True	
9	24	61	Personal Inforamtion + Bank accounts	0.0613	Fullz + Bank Account number:<br /><br />Full data includes First Name, Middle Name(some of them), Last Name, Address, City, State, Zip, SSN, DOB, HomePhone, CellPhone, 2 Last Employment, Bank Name, Account Number, Type of Account	56	Worldwide	Worldwide	Digital	True	
9	24	62	Personal Inforamtion + Bank accounts	0.0583	Fullz + Bank Account number:<br /><br />Full data includes First Name, Middle Name(some of them), Last Name, Address, City, State, Zip, SSN, DOB, HomePhone, CellPhone, 2 Last Employment, Bank Name, Account Number, Type of Account	56	Worldwide	Worldwide	Digital	True	
9	24	65	Personal Inforamtion + Bank accounts	0.0540		56			Digital		
9	24	66	Personal Inforamtion + Bank accounts	0.0502		56			Digital		
9	24	67	Personal Inforamtion + Bank accounts	0.0512		56			Digital		
9	24	68	Personal Inforamtion + Bank accounts	0.0516		56			Digital		
9	24	69	Personal Inforamtion + Bank accounts	0.0523		56			Digital		
9	24	70	Personal Inforamtion + Bank accounts	0.0521		56			Digital		
9	24	71	Personal Inforamtion + Bank accounts	0.0567		56			Digital		
9	24	72	Personal Inforamtion + Bank accounts	0.0549		56			Digital		
9	24	73	Personal Inforamtion + Bank accounts	0.0558		56			Digital		
9	24	74	Personal Inforamtion + Bank accounts	0.0524	Fullz + Bank Account number:<br /><br />Full data includes First Name, Middle Name(some of them), Last Name, Address, City, State, Zip, SSN, DOB, HomePhone, CellPhone, 2 Last Employment, Bank Name, Account Number, Type of Account	56	Worldwide	Worldwide	Digital	True	
9	24	75	Personal Inforamtion + Bank accounts	0.0510		56			Digital		
9	24	76	Personal Inforamtion + Bank accounts	0.0130	Fullz + Bank Account number:<br /><br />Full data includes First Name, Middle Name(some of them), Last Name, Address, City, State, Zip, SSN, DOB, HomePhone, CellPhone, 2 Last Employment, Bank Name, Account Number, Type of Account	56	Worldwide	Worldwide	Digital	True	
9	24	78	Personal Inforamtion + Bank accounts	0.0132		56			Digital		
9	24	79	Personal Inforamtion + Bank accounts	0.0133		56			Digital		
9	24	80	Personal Inforamtion + Bank accounts	0.0132		56			Digital		
9	24	81	Personal Inforamtion + Bank accounts	0.0139		56	Worldwide		Digital	True	
9	24	82	Personal Inforamtion + Bank accounts	0.0143	Fullz + Bank Account number:<br /><br />Full data includes First Name, Middle Name(some of them), Last Name, Address, City, State, Zip, SSN, DOB, HomePhone, CellPhone, 2 Last Employment, Bank Name, Account Number, Type of Account	56	Worldwide	Worldwide	Digital	True	
9	24	83	Personal Inforamtion + Bank accounts	0.0155		56			Digital		
9	24	84	Personal Inforamtion + Bank accounts	0.0150	Fullz + Bank Account number:<br /><br />Full data includes First Name, Middle Name(some of them), Last Name, Address, City, State, Zip, SSN, DOB, HomePhone, CellPhone, 2 Last Employment, Bank Name, Account Number, Type of Account	56	Worldwide	Worldwide	Digital	True	
9	24	85	Personal Inforamtion + Bank accounts	0.0155		56			Digital		
9	24	86	Personal Inforamtion +	0.0315	Fullz: <br /><br />Full data includes First Name, Middle Name(some of them), Last Name, Address, City, State, Zip, SSN, DOB, HomePhone, CellPhone, 2 Last Employment, Bank Name, Account Number, Type of Account	56	Worldwide	Worldwide	Digital	True	
9	24	87	Personal Inforamtion +	0.0321	Fullz: <br /><br />Full data includes First Name, Middle Name(some of them), Last Name, Address, City, State, Zip, SSN, DOB, HomePhone, CellPhone, 2 Last Employment, Bank Name, Account Number, Type of Account	56	Worldwide	Worldwide	Digital	True	
9	24	88	Personal Inforamtion +	0.0372	Fullz: <br /><br />Full data includes First Name, Middle Name(some of them), Last Name, Address, City, State, Zip, SSN, DOB, HomePhone, CellPhone, 2 Last Employment, Bank Name, Account Number, Type of Account	56	Worldwide	Worldwide	Digital	True	
9	24	90	Personal Inforamtion +	0.0346		56			Digital		
9	24	91	Personal Inforamtion +	0.0352		56			Digital		
9	24	93	Personal Inforamtion +	0.0358		56			Digital		
9	24	94	Personal Inforamtion +	0.0368		56			Digital		
9	24	95	Personal Inforamtion +	0.0459	Fullz: <br /><br />Full data includes First Name, Middle Name(some of them), Last Name, Address, City, State, Zip, SSN, DOB, HomePhone, CellPhone, 2 Last Employment, Bank Name, Account Number, Type of Account	56	Worldwide	Worldwide	Digital	True	
9	24	96	Personal Inforamtion +	0.0508		56			Digital		
9	24	97	Personal Inforamtion +	0.0426	Fullz: <br /><br />Full data includes First Name, Middle Name(some of them), Last Name, Address, City, State, Zip, SSN, DOB, HomePhone, CellPhone, 2 Last Employment, Bank Name, Account Number, Type of Account	56	Worldwide	Worldwide	Digital	True	
9	24	98	Personal Inforamtion +	0.0404	Fullz: <br /><br />Full data includes First Name, Middle Name(some of them), Last Name, Address, City, State, Zip, SSN, DOB, HomePhone, CellPhone, 2 Last Employment, Bank Name, Account Number, Type of Account	56	Worldwide	Worldwide	Digital	True	
9	24	99	Personal Inforamtion +	0.0434	Fullz: <br /><br />Full data includes First Name, Middle Name(some of them), Last Name, Address, City, State, Zip, SSN, DOB, HomePhone, CellPhone, 2 Last Employment, Bank Name, Account Number, Type of Account	56	Worldwide	Worldwide	Digital	True	
9	24	100	Personal Inforamtion +	0.0440	Fullz: <br /><br />Full data includes First Name, Middle Name(some of them), Last Name, Address, City, State, Zip, SSN, DOB, HomePhone, CellPhone, 2 Last Employment, Bank Name, Account Number, Type of Account	56	Worldwide	Worldwide	Digital	True	
9	24	101	Personal Inforamtion +	0.0417	Fullz: <br /><br />Full data includes First Name, Middle Name(some of them), Last Name, Address, City, State, Zip, SSN, DOB, HomePhone, CellPhone, 2 Last Employment, Bank Name, Account Number, Type of Account	56	Worldwide	Worldwide	Digital	True	
9	24	102	Personal Inforamtion +	0.0439		56			Digital		
9	24	103	Personal Inforamtion +	0.0442	Fullz: <br /><br />Full data includes First Name, Middle Name(some of them), Last Name, Address, City, State, Zip, SSN, DOB, HomePhone, CellPhone, 2 Last Employment, Bank Name, Account Number, Type of Account	56	Worldwide	Worldwide	Digital	True	
9	24	104	Personal Inforamtion +	0.0453	Fullz: <br /><br />Full data includes First Name, Middle Name(some of them), Last Name, Address, City, State, Zip, SSN, DOB, HomePhone, CellPhone, 2 Last Employment, Bank Name, Account Number, Type of Account	56	Worldwide	Worldwide	Digital	True	
9	24	105	Personal Inforamtion +	0.0454	Fullz: <br /><br />Full data includes First Name, Middle Name(some of them), Last Name, Address, City, State, Zip, SSN, DOB, HomePhone, CellPhone, 2 Last Employment, Bank Name, Account Number, Type of Account	56	Worldwide	Worldwide	Digital	True	
9	24	106	Personal Inforamtion +	0.0420	Fullz: <br /><br />Full data includes First Name, Middle Name(some of them), Last Name, Address, City, State, Zip, SSN, DOB, HomePhone, CellPhone, 2 Last Employment, Bank Name, Account Number, Type of Account	56	Worldwide	Worldwide	Digital	True	
9	24	107	Personal Inforamtion +	0.0405	Fullz: <br /><br />Full data includes First Name, Middle Name(some of them), Last Name, Address, City, State, Zip, SSN, DOB, HomePhone, CellPhone, 2 Last Employment, Bank Name, Account Number, Type of Account	56	Worldwide	Worldwide	Digital	True	
9	24	108	Personal Inforamtion +	0.0422		56	Worldwide		Digital	True	
9	24	109	Personal Inforamtion +	0.0418		56			Digital		
9	24	110	Personal Inforamtion +	0.0400		56			Digital		
9	24	111	Personal Inforamtion +	0.0364		56	Worldwide		Digital	True	
9	24	112	Personal Inforamtion +	0.0365		56	Worldwide		Digital	True	
9	24	113	Personal Inforamtion +	0.0340		56	Worldwide		Digital	True	
9	24	114	Personal Inforamtion +	0.0346	Fullz: <br /><br />Full data includes First Name, Middle Name(some of them), Last Name, Address, City, State, Zip, SSN, DOB, HomePhone, CellPhone, 2 Last Employment, Bank Name, Account Number, Type of Account	56	Worldwide	Worldwide	Digital	True	
10	24	0	Personal information + Driver license	0.0121	Fullz + Driver license:<br /><br />Full data includes First Name, Middle Name(some of them), Last Name, Address, City, State, Zip, SSN, DOB, Driver License,Expiration Date, Phone, Email:<br /><br />Valid Driver License for now just from TX.	56	Worldwide	Worldwide	Digital	True	
10	24	1	Personal information + Driver license	0.0120	Fullz + Driver license:<br /><br />Full data includes First Name, Middle Name(some of them), Last Name, Address, City, State, Zip, SSN, DOB, Driver License,Expiration Date, Phone, Email:<br /><br />Valid Driver License for now just from TX.	56	Worldwide	Worldwide	Digital	True	
10	24	2	Personal information + Driver license	0.0122	Fullz + Driver license:<br /><br /><br />NO longer available for know.	56	Worldwide	Worldwide	Digital	False	
10	24	3	Personal information + Driver license	0.0163	Fullz + Driver license:<br /><br /><br />NO longer available for know.	56	Worldwide	Worldwide	Digital	False	
10	24	4	Personal information + Driver license	0.0153	Fullz + Driver license:<br /><br /><br />NO longer available for know.	56	Worldwide	Worldwide	Digital	False	
10	24	5	Personal information + Driver license	0.0397	Fullz + Driver license:<br />Full data includes First Name, Middle Name(some of them), Last Name, Address, City, State, Zip, SSN, DOB, Driver License,Expiration Date, Phone, Email: 	56	Worldwide	Worldwide	Digital	True	
10	24	6	Personal information + Driver license	0.0408	Fullz + Driver license:<br />Full data includes First Name, Middle Name(some of them), Last Name, Address, City, State, Zip, SSN, DOB, Driver License,Expiration Date, Phone, Email: 	56	Worldwide	Worldwide	Digital	True	
10	24	7	Personal information + Driver license	0.0430		56	Worldwide		Digital	True	
10	24	8	Personal information + Driver license	0.0563		56	Worldwide		Digital	False	
10	24	9	Personal information + Driver license	0.0475	Fullz + Driver license:<br />Full data includes First Name, Middle Name(some of them), Last Name, Address, City, State, Zip, SSN, DOB, Driver License,Expiration Date, Phone, Email: 	56	Worldwide	Worldwide	Digital	False	
10	24	15	Personal information + Driver license	0.0481	Fullz + Driver license:<br />Full data includes First Name, Middle Name(some of them), Last Name, Address, City, State, Zip, SSN, DOB, Driver License,Expiration Date, Phone, Email: 	56	Worldwide	Worldwide	Digital	True	
10	24	16	Personal information + Driver license	0.0429		56			Digital		
10	24	17	Personal information + Driver license	0.0433	Fullz + Driver license:<br />Full data includes First Name, Middle Name(some of them), Last Name, Address, City, State, Zip, SSN, DOB, Driver License,Expiration Date, Phone, Email: 	56	Worldwide	Worldwide	Digital	True	
10	24	18	Personal information + Driver license	0.0399	Fullz + Driver license:<br />Full data includes First Name, Middle Name(some of them), Last Name, Address, City, State, Zip, SSN, DOB, Driver License,Expiration Date, Phone, Email: 	56	Worldwide	Worldwide	Digital	True	
10	24	19	Personal information + Driver license	0.0398		56	Worldwide		Digital	True	
10	24	20	Personal information + Driver license	0.0371		56			Digital		
10	24	21	Personal information + Driver license	0.0371	Fullz + Driver license:<br />Full data includes First Name, Middle Name(some of them), Last Name, Address, City, State, Zip, SSN, DOB, Driver License,Expiration Date, Phone, Email: 	56	Worldwide	Worldwide	Digital	True	
10	24	22	Personal information + Driver license	0.0409		56	Worldwide		Digital	True	
10	24	24	Personal information + Driver license	0.0426		56			Digital		
10	24	26	Personal information + Driver license	0.0404		56			Digital		
10	24	27	Personal information + Driver license	0.0397		56			Digital		
10	24	28	Personal information + Driver license	0.0422		56	Worldwide		Digital	True	
10	24	29	Personal information + Driver license	0.0420		56			Digital		
10	24	30	Personal information + Driver license	0.0426	Fullz + Driver license:<br />Full data includes First Name, Middle Name(some of them), Last Name, Address, City, State, Zip, SSN, DOB, Driver License,Expiration Date, Phone, Email,Last 2 jobs or more: 	56	Worldwide	Worldwide	Digital	True	
10	24	31	Personal information + Driver license	0.0427		56	Worldwide		Digital	True	
10	24	32	Personal information + Driver license	0.0425		56			Digital		
10	24	33	Personal information + Driver license	0.0425		56			Digital		
10	24	34	Personal information + Driver license	0.0480		56	Worldwide		Digital	True	
10	24	35	Personal information + Driver license	0.0475		56	Worldwide		Digital	True	
10	24	36	Personal information + Driver license	0.0500		56			Digital		
10	24	37	Personal information + Driver license	0.0478		56	Worldwide		Digital	True	
10	24	38	Personal information + Driver license	0.0518		56			Digital		
10	24	39	Personal information + Driver license	0.0522		56	Worldwide		Digital	True	
10	24	40	Personal information + Driver license	0.0523	Fullz + Driver license:<br />Full data includes First Name, Middle Name(some of them), Last Name, Address, City, State, Zip, SSN, DOB, Driver License,Expiration Date, Phone, Email,Last 2 jobs or more: 	56	Worldwide	Worldwide	Digital	True	
10	24	41	Personal information + Driver license	0.0592		56	Worldwide		Digital	True	
10	24	42	Personal information + Driver license	0.0626	Fullz + Driver license:<br />Full data includes First Name, Middle Name(some of them), Last Name, Address, City, State, Zip, SSN, DOB, Driver License,Expiration Date, Phone, Email,Last 2 jobs or more: 	56	Worldwide	Worldwide	Digital	True	
10	24	43	Personal information + Driver license	0.0608		56			Digital		
10	24	44	Personal information + Driver license	0.0665	Fullz + Driver license:<br />Full data includes First Name, Middle Name(some of them), Last Name, Address, City, State, Zip, SSN, DOB, Driver License,Expiration Date, Phone, Email,Last 2 jobs or more: 	56	Worldwide	Worldwide	Digital	True	
10	24	45	Personal information + Driver license	0.0722		56			Digital		
10	24	48	Personal information + Driver license	0.0721	Fullz + Driver license:<br />Full data includes First Name, Middle Name(some of them), Last Name, Address, City, State, Zip, SSN, DOB, Driver License,Expiration Date, Phone, Email,Last 2 jobs or more: 	56	Worldwide	Worldwide	Digital	True	
10	24	49	Personal information + Driver license	0.0692		56			Digital		
10	24	52	Personal information + Driver license	0.0625	Fullz + Driver license:<br />Full data includes First Name, Middle Name(some of them), Last Name, Address, City, State, Zip, SSN, DOB, Driver License,Expiration Date, Phone, Email,Last 2 jobs or more: 	56	Worldwide	Worldwide	Digital	True	
10	24	54	Personal information + Driver license	0.0637		56			Digital		
10	24	55	Personal information + Driver license	0.0647		56			Digital		
10	24	57	Personal information + Driver license	0.0700	Fullz + Driver license:<br />Full data includes First Name, Middle Name(some of them), Last Name, Address, City, State, Zip, SSN, DOB, Driver License,Expiration Date, Phone, Email,Last 2 jobs or more: 	56	Worldwide	Worldwide	Digital	True	
10	24	59	Personal information + Driver license	0.0711		56			Digital		
10	24	60	Personal information + Driver license	0.0723	Fullz + Driver license:<br />Full data includes First Name, Middle Name(some of them), Last Name, Address, City, State, Zip, SSN, DOB, Driver License,Expiration Date, Phone, Email,Last 2 jobs or more: 	56	Worldwide	Worldwide	Digital	True	
10	24	61	Personal information + Driver license	0.0766	Fullz + Driver license:<br />Full data includes First Name, Middle Name(some of them), Last Name, Address, City, State, Zip, SSN, DOB, Driver License,Expiration Date, Phone, Email,Last 2 jobs or more: 	56	Worldwide	Worldwide	Digital	True	
10	24	62	Personal information + Driver license	0.0732		56			Digital		
10	24	65	Personal information + Driver license	0.0677		56			Digital		
10	24	66	Personal information + Driver license	0.0628		56			Digital		
10	24	67	Personal information + Driver license	0.0640		56			Digital		
10	24	68	Personal information + Driver license	0.0645		56			Digital		
10	24	69	Personal information + Driver license	0.0654		56			Digital		
10	24	70	Personal information + Driver license	0.0652		56			Digital		
10	24	71	Personal information + Driver license	0.0708		56			Digital		
10	24	72	Personal information + Driver license	0.0686		56			Digital		
10	24	73	Personal information + Driver license	0.0698		56			Digital		
10	24	74	Personal information + Driver license	0.0661	Fullz + Driver license:<br />Full data includes First Name, Middle Name(some of them), Last Name, Address, City, State, Zip, SSN, DOB, Driver License,Expiration Date, Phone, Email,Last 2 jobs or more: 	56	Worldwide	Worldwide	Digital	True	
10	24	75	Personal information + Driver license	0.0638		56			Digital		
10	24	76	Personal information + Driver license	0.0260	Fullz + Driver license:<br />Full data includes First Name, Middle Name(some of them), Last Name, Address, City, State, Zip, SSN, DOB, Driver License,Expiration Date, Phone, Email,Last 2 jobs or more: 	56	Worldwide	Worldwide	Digital	True	
10	24	78	Personal information + Driver license	0.0264		56			Digital		
10	24	79	Personal information + Driver license	0.0266		56			Digital		
10	24	80	Personal information + Driver license	0.0265		56			Digital		
10	24	81	Personal information + Driver license	0.0279		56	Worldwide		Digital	True	
10	24	82	Personal information + Driver license	0.0286	Fullz + Driver license:<br />Full data includes First Name, Middle Name(some of them), Last Name, Address, City, State, Zip, SSN, DOB, Driver License,Expiration Date, Phone, Email,Last 2 jobs or more: 	56	Worldwide	Worldwide	Digital	True	
10	24	83	Personal information + Driver license	0.0310		56			Digital		
10	24	84	Personal information + Driver license	0.0301	Fullz + Driver license:<br />Full data includes First Name, Middle Name(some of them), Last Name, Address, City, State, Zip, SSN, DOB, Driver License,Expiration Date, Phone, Email,Last 2 jobs or more: 	56	Worldwide	Worldwide	Digital	True	
10	24	85	Personal information + Driver license	0.0310		56			Digital		
10	24	86	Personal information + Driver license	0.0315	Fullz + Driver license:<br />Full data includes First Name, Middle Name(some of them), Last Name, Address, City, State, Zip, SSN, DOB, Driver License,Expiration Date, Phone, Email,Last 2 jobs or more: 	56	Worldwide	Worldwide	Digital	True	
10	24	87	Personal information + Driver license	0.0321	Fullz + Driver license:<br />Full data includes First Name, Middle Name(some of them), Last Name, Address, City, State, Zip, SSN, DOB, Driver License,Expiration Date, Phone, Email,Last 2 jobs or more: 	56	Worldwide	Worldwide	Digital	True	
10	24	88	Personal information + Driver license	0.0372	Fullz + Driver license:<br />Full data includes First Name, Middle Name(some of them), Last Name, Address, City, State, Zip, SSN, DOB, Driver License,Expiration Date, Phone, Email,Last 2 jobs or more: 	56	Worldwide	Worldwide	Digital	True	
10	24	90	Personal information + Driver license	0.0346		56			Digital		
10	24	91	Personal information + Driver license	0.0352		56			Digital		
10	24	93	Personal information + Driver license	0.0358		56			Digital		
10	24	94	Personal information + Driver license	0.0368		56			Digital		
10	24	95	Personal information + Driver license	0.0459	Fullz + Driver license:<br />Full data includes First Name, Middle Name(some of them), Last Name, Address, City, State, Zip, SSN, DOB, Driver License,Expiration Date, Phone, Email,Last 2 jobs or more: 	56	Worldwide	Worldwide	Digital	True	
10	24	96	Personal information + Driver license	0.0508		56			Digital		
10	24	97	Personal information + Driver license	0.0426	Fullz + Driver license:<br />Full data includes First Name, Middle Name(some of them), Last Name, Address, City, State, Zip, SSN, DOB, Driver License,Expiration Date, Phone, Email,Last 2 jobs or more: 	56	Worldwide	Worldwide	Digital	True	
10	24	98	Personal information + Driver license	0.0404	Fullz + Driver license:<br />Full data includes First Name, Middle Name(some of them), Last Name, Address, City, State, Zip, SSN, DOB, Driver License,Expiration Date, Phone, Email,Last 2 jobs or more: 	56	Worldwide	Worldwide	Digital	True	
10	24	99	Personal information + Driver license	0.0434	Fullz + Driver license:<br />Full data includes First Name, Middle Name(some of them), Last Name, Address, City, State, Zip, SSN, DOB, Driver License,Expiration Date, Phone, Email,Last 2 jobs or more: 	56	Worldwide	Worldwide	Digital	True	
10	24	100	Personal information + Driver license	0.0440	Fullz + Driver license:<br />Full data includes First Name, Middle Name(some of them), Last Name, Address, City, State, Zip, SSN, DOB, Driver License,Expiration Date, Phone, Email,Last 2 jobs or more: 	56	Worldwide	Worldwide	Digital	True	
10	24	101	Personal information + Driver license	0.0417	Fullz + Driver license:<br />Full data includes First Name, Middle Name(some of them), Last Name, Address, City, State, Zip, SSN, DOB, Driver License,Expiration Date, Phone, Email,Last 2 jobs or more: 	56	Worldwide	Worldwide	Digital	True	
10	24	102	Personal information + Driver license	0.0439		56			Digital		
10	24	103	Personal information + Driver license	0.0442	Fullz + Driver license:<br />Full data includes First Name, Middle Name(some of them), Last Name, Address, City, State, Zip, SSN, DOB, Driver License,Expiration Date, Phone, Email,Last 2 jobs or more: 	56	Worldwide	Worldwide	Digital	True	
10	24	104	Personal information + Driver license	0.0453	Fullz + Driver license:<br />Full data includes First Name, Middle Name(some of them), Last Name, Address, City, State, Zip, SSN, DOB, Driver License,Expiration Date, Phone, Email,Last 2 jobs or more: 	56	Worldwide	Worldwide	Digital	True	
10	24	105	Personal information + Driver license	0.0454	Fullz + Driver license:<br />Full data includes First Name, Middle Name(some of them), Last Name, Address, City, State, Zip, SSN, DOB, Driver License,Expiration Date, Phone, Email,Last 2 jobs or more: 	56	Worldwide	Worldwide	Digital	True	
10	24	106	Personal information + Driver license	0.0420	Fullz + Driver license:<br />Full data includes First Name, Middle Name(some of them), Last Name, Address, City, State, Zip, SSN, DOB, Driver License,Expiration Date, Phone, Email,Last 2 jobs or more: 	56	Worldwide	Worldwide	Digital	True	
10	24	107	Personal information + Driver license	0.0405	Fullz + Driver license:<br />Full data includes First Name, Middle Name(some of them), Last Name, Address, City, State, Zip, SSN, DOB, Driver License,Expiration Date, Phone, Email,Last 2 jobs or more: 	56	Worldwide	Worldwide	Digital	True	
10	24	108	Personal information + Driver license	0.0423		56	Worldwide		Digital	True	
10	24	109	Personal information + Driver license	0.0418		56			Digital		
10	24	110	Personal information + Driver license	0.0400		56			Digital		
10	24	111	Personal information + Driver license	0.0362		56	Worldwide		Digital	True	
10	24	112	Personal information + Driver license	0.0366		56	Worldwide		Digital	True	
10	24	113	Personal information + Driver license	0.0349		56	Worldwide		Digital	True	
10	24	114	Personal information + Driver license	0.0346	Fullz + Driver license:<br />Full data includes First Name, Middle Name(some of them), Last Name, Address, City, State, Zip, SSN, DOB, Driver License,Expiration Date, Phone, Email,Last 2 jobs or more: 	56	Worldwide	Worldwide	Digital	True	
11	24	0	Personal Information + Small package	0.0015	Smaller package:<br /><br />First Name, Last name ,DOB,SSN:<br /><br />50 $ per 40 data.	56	Worldwide	Worldwide	Digital	True	
11	24	1	Personal Information + Small package	0.0015	Smaller package:<br /><br />First Name, Last name ,DOB,SSN:<br />	56	Worldwide	Worldwide	Digital	True	
11	24	2	Personal Information + Small package	0.0015	Smaller package:<br /><br />First Name, Last name ,DOB,SSN:<br />	56	Worldwide	Worldwide	Digital	True	
11	24	3	Personal Information + Small package	0.0020	Smaller package:<br /><br />First Name, Last name ,DOB,SSN:<br />	56	Worldwide	Worldwide	Digital	True	
11	24	4	Personal Information + Small package	0.0019	Smaller package:<br /><br />First Name, Last name ,DOB,SSN:<br />	56	Worldwide	Worldwide	Digital	True	
11	24	5	Personal Information + Small package	0.0019	Smaller package:<br /><br />First Name, Last name ,DOB,SSN:<br />	56	Worldwide	Worldwide	Digital	True	
11	24	6	Personal Information + Small package	0.0020	Smaller package:<br /><br />First Name, Last name ,DOB,SSN:<br />	56	Worldwide	Worldwide	Digital	True	
11	24	7	Personal Information + Small package	0.0021		56			Digital		
11	24	8	Personal Information + Small package	0.0022	Smaller package:<br /><br />PRICE CHANGE <br /><br />First Name, Last name ,DOB,SSN:<br /><br />!!!!!!!!!!!!    MINIMUM ORDER 20 DATA  !!!!!!!!!!!!<br /><br />ORDERS FOR 1 DATA WILL BE IGNORE AND DECLINE <br />ORDERS FOR 1 DATA WILL BE IGNORE AND DECLINE <br />ORDERS FOR 1 DATA WILL BE IGNORE AND DECLINE 	56	Worldwide	Worldwide	Digital	True	
11	24	9	Personal Information + Small package	0.0023		56			Digital		
11	24	9	Personal Information + Under age	0.0190		56			Digital		
11	24	10	Personal Information + Under age	0.0202	Uder age package include:<br /><br />DOBZIPSexSSNCityStateEmailPhoneAddress`Last Name``First Name`<br /><br /><br />!!!!!!!!!!!!    MINIMUM ORDER 10 DATA  !!!!!!!!!!!!<br /><br />ORDERS FOR 1 DATA WILL BE IGNORE AND DECLINE <br />ORDERS FOR 1 DATA WILL BE IGNORE AND DECLINE <br />ORDERS FOR 1 DATA WILL BE IGNORE AND DECLINE 	56	Worldwide	Worldwide	Digital	True	
11	24	11	Personal Information + Under age	0.0203	Uder age package include:<br /><br />DOBZIPSexSSNCityStateEmailPhoneAddress`Last Name``First Name`<br /><br /><br />!!!!!!!!!!!!    MINIMUM ORDER 10 DATA  !!!!!!!!!!!!<br /><br />ORDERS FOR 1 DATA WILL BE IGNORE AND DECLINE <br />ORDERS FOR 1 DATA WILL BE IGNORE AND DECLINE <br />ORDERS FOR 1 DATA WILL BE IGNORE AND DECLINE 	56	Worldwide	Worldwide	Digital	True	
11	24	12	Personal Information + Under age	0.0222		56			Digital		
11	24	13	Personal Information + Under age	0.0220		56			Digital		
11	24	15	Personal Information + Under age	0.0192	Uder age package include:<br /><br />DOBZIPSexSSNCityStateEmailPhoneAddress`Last Name``First Name`<br /><br /><br />!!!!!!!!!!!!    MINIMUM ORDER 10 DATA  !!!!!!!!!!!!<br /><br />ORDERS FOR 1 DATA WILL BE IGNORE AND DECLINE <br />ORDERS FOR 1 DATA WILL BE IGNORE AND DECLINE <br />ORDERS FOR 1 DATA WILL BE IGNORE AND DECLINE 	56	Worldwide	Worldwide	Digital	True	
11	24	16	Personal Information + Under age	0.0171		56			Digital		
11	24	17	Personal Information + Under age	0.0173	Uder age package include:<br /><br />DOBZIPSexSSNCityStateEmailPhoneAddress`Last Name``First Name`<br /><br /><br />!!!!!!!!!!!!    MINIMUM ORDER 10 DATA  !!!!!!!!!!!!<br /><br />ORDERS FOR 1 DATA WILL BE IGNORE AND DECLINE <br />ORDERS FOR 1 DATA WILL BE IGNORE AND DECLINE <br />ORDERS FOR 1 DATA WILL BE IGNORE AND DECLINE 	56	Worldwide	Worldwide	Digital	True	
11	24	18	Personal Information + Under age	0.0159	Uder age package include:<br /><br />DOBZIPSexSSNCityStateEmailPhoneAddress`Last Name``First Name`<br /><br /><br />!!!!!!!!!!!!    MINIMUM ORDER 10 DATA  !!!!!!!!!!!!<br /><br />ORDERS FOR 1 DATA WILL BE IGNORE AND DECLINE <br />ORDERS FOR 1 DATA WILL BE IGNORE AND DECLINE <br />ORDERS FOR 1 DATA WILL BE IGNORE AND DECLINE 	56	Worldwide	Worldwide	Digital	True	
11	24	19	Personal Information + Under age	0.0159	Uder age package include:<br /><br />DOBZIPSexSSNCityStateEmailPhoneAddress`Last Name``First Name`<br /><br /><br />!!!!!!!!!!!!    MINIMUM ORDER 10 DATA  !!!!!!!!!!!!<br /><br />ORDERS FOR 1 DATA WILL BE IGNORE AND DECLINE <br />ORDERS FOR 1 DATA WILL BE IGNORE AND DECLINE <br />ORDERS FOR 1 DATA WILL BE IGNORE AND DECLINE 	56	Worldwide	Worldwide	Digital	True	
11	24	20	Personal Information + Under age	0.0148		56			Digital		
11	24	21	Personal Information + Under age	0.0148	Uder age package include:<br /><br />DOBZIPSexSSNCityStateEmailPhoneAddress`Last Name``First Name`<br /><br /><br />!!!!!!!!!!!!    MINIMUM ORDER 10 DATA  !!!!!!!!!!!!<br /><br />ORDERS FOR 1 DATA WILL BE IGNORE AND DECLINE <br />ORDERS FOR 1 DATA WILL BE IGNORE AND DECLINE <br />ORDERS FOR 1 DATA WILL BE IGNORE AND DECLINE 	56	Worldwide	Worldwide	Digital	True	
11	24	22	Personal Information + Under age	0.0163		56			Digital		
11	24	24	Personal Information + Under age	0.0170		56			Digital		
11	24	25	Personal Information + Under age	0.0158		56			Digital		
11	24	26	Personal Information + Under age	0.0161	Uder age package include:<br /><br />DOBZIPSexSSNCityStateEmailPhoneAddress`Last Name``First Name`<br /><br /><br />!!!!!!!!!!!!    MINIMUM ORDER 10 DATA  !!!!!!!!!!!!<br /><br />ORDERS FOR 1 DATA WILL BE IGNORE AND DECLINE <br />ORDERS FOR 1 DATA WILL BE IGNORE AND DECLINE <br />ORDERS FOR 1 DATA WILL BE IGNORE AND DECLINE 	56	Worldwide	Worldwide	Digital	True	
11	24	27	Personal Information + Under age	0.0160		56			Digital		
11	24	28	Personal Information + Under age	0.0169		56			Digital		
11	24	29	Personal Information + Under age	0.0168	Uder age package include:<br /><br />DOBZIPSexSSNCityStateEmailPhoneAddress`Last Name``First Name`<br /><br /><br />!!!!!!!!!!!!    MINIMUM ORDER 10 DATA  !!!!!!!!!!!!<br /><br />ORDERS FOR 1 DATA WILL BE IGNORE AND DECLINE <br />ORDERS FOR 1 DATA WILL BE IGNORE AND DECLINE <br />ORDERS FOR 1 DATA WILL BE IGNORE AND DECLINE 	56	Worldwide	Worldwide	Digital	True	
11	24	30	Personal Information + Under age	0.0170		56			Digital		
11	24	31	Personal Information + Under age	0.0171		56			Digital		
11	24	32	Personal Information + Under age	0.0170		56			Digital		
11	24	33	Personal Information + Under age	0.0169		56			Digital		
11	24	34	Personal Information + Under age	0.0192		56	Worldwide		Digital	True	
11	24	35	Personal Information + Under age	0.0189		56	Worldwide		Digital	True	
11	24	36	Personal Information + Under age	0.0200		56			Digital		
11	24	37	Personal Information + Under age	0.0192		56	Worldwide		Digital	True	
11	24	38	Personal Information + Under age	0.0209		56			Digital		
11	24	39	Personal Information + Under age	0.0206		56	Worldwide		Digital	True	
11	24	40	Personal Information + Under age	0.0209	Uder age package include:<br /><br />DOBZIPSexSSNCityStateEmailPhoneAddress`Last Name``First Name`<br /><br /><br />!!!!!!!!!!!!    MINIMUM ORDER 10 DATA  !!!!!!!!!!!!<br /><br />ORDERS FOR 1 DATA WILL BE IGNORE AND DECLINE <br />ORDERS FOR 1 DATA WILL BE IGNORE AND DECLINE <br />ORDERS FOR 1 DATA WILL BE IGNORE AND DECLINE 	56	Worldwide	Worldwide	Digital	True	
11	24	41	Personal Information + Under age	0.0232		56	Worldwide		Digital	True	
11	24	42	Personal Information + Under age	0.0251	Uder age package include:<br /><br />DOBZIPSexSSNCityStateEmailPhoneAddress`Last Name``First Name`<br /><br /><br />!!!!!!!!!!!!    MINIMUM ORDER 10 DATA  !!!!!!!!!!!!<br /><br />ORDERS FOR 1 DATA WILL BE IGNORE AND DECLINE <br />ORDERS FOR 1 DATA WILL BE IGNORE AND DECLINE <br />ORDERS FOR 1 DATA WILL BE IGNORE AND DECLINE 	56	Worldwide	Worldwide	Digital	True	
11	24	43	Personal Information + Under age	0.0243		56			Digital		
11	24	44	Personal Information + Under age	0.0265	Uder age package include:<br /><br />DOBZIPSexSSNCityStateEmailPhoneAddress`Last Name``First Name`<br /><br /><br />!!!!!!!!!!!!    MINIMUM ORDER 10 DATA  !!!!!!!!!!!!<br /><br />ORDERS FOR 1 DATA WILL BE IGNORE AND DECLINE <br />ORDERS FOR 1 DATA WILL BE IGNORE AND DECLINE <br />ORDERS FOR 1 DATA WILL BE IGNORE AND DECLINE 	56	Worldwide	Worldwide	Digital	True	
11	24	45	Personal Information + Under age	0.0288		56			Digital		
11	24	48	Personal Information + Under age	0.0288	Uder age package include:<br /><br />DOBZIPSexSSNCityStateEmailPhoneAddress`Last Name``First Name`<br /><br /><br />!!!!!!!!!!!!    MINIMUM ORDER 10 DATA  !!!!!!!!!!!!<br /><br />ORDERS FOR 1 DATA WILL BE IGNORE AND DECLINE <br />ORDERS FOR 1 DATA WILL BE IGNORE AND DECLINE <br />ORDERS FOR 1 DATA WILL BE IGNORE AND DECLINE 	56	Worldwide	Worldwide	Digital	True	
11	24	49	Personal Information + Under age	0.0276		56			Digital		
11	24	52	Personal Information + Under age	0.0250	Uder age package include:<br /><br />DOBZIPSexSSNCityStateEmailPhoneAddress`Last Name``First Name`<br /><br /><br />!!!!!!!!!!!!    MINIMUM ORDER 10 DATA  !!!!!!!!!!!!<br /><br />ORDERS FOR 1 DATA WILL BE IGNORE AND DECLINE <br />ORDERS FOR 1 DATA WILL BE IGNORE AND DECLINE <br />ORDERS FOR 1 DATA WILL BE IGNORE AND DECLINE 	56	Worldwide	Worldwide	Digital	True	
11	24	54	Personal Information + Under age	0.0254		56			Digital		
11	24	55	Personal Information + Under age	0.0259		56			Digital		
11	24	57	Personal Information + Under age	0.0280	Uder age package include:<br /><br />DOBZIPSexSSNCityStateEmailPhoneAddress`Last Name``First Name`<br /><br /><br />!!!!!!!!!!!!    MINIMUM ORDER 10 DATA  !!!!!!!!!!!!<br /><br />ORDERS FOR 1 DATA WILL BE IGNORE AND DECLINE <br />ORDERS FOR 1 DATA WILL BE IGNORE AND DECLINE <br />ORDERS FOR 1 DATA WILL BE IGNORE AND DECLINE 	56	Worldwide	Worldwide	Digital	True	
11	24	59	Personal Information + Under age	0.0284		56			Digital		
11	24	60	Personal Information + Under age	0.0287	Uder age package include:<br /><br />DOBZIPSexSSNCityStateEmailPhoneAddress`Last Name``First Name`<br /><br /><br />!!!!!!!!!!!!    MINIMUM ORDER 10 DATA  !!!!!!!!!!!!<br /><br />ORDERS FOR 1 DATA WILL BE IGNORE AND DECLINE <br />ORDERS FOR 1 DATA WILL BE IGNORE AND DECLINE <br />ORDERS FOR 1 DATA WILL BE IGNORE AND DECLINE 	56	Worldwide	Worldwide	Digital	True	
11	24	61	Personal Information + Under age	0.0306	Uder age package include:<br /><br />DOBZIPSexSSNCityStateEmailPhoneAddress`Last Name``First Name`<br /><br /><br />!!!!!!!!!!!!    MINIMUM ORDER 10 DATA  !!!!!!!!!!!!<br /><br />ORDERS FOR 1 DATA WILL BE IGNORE AND DECLINE <br />ORDERS FOR 1 DATA WILL BE IGNORE AND DECLINE <br />ORDERS FOR 1 DATA WILL BE IGNORE AND DECLINE 	56	Worldwide	Worldwide	Digital	True	
11	24	62	Personal Information + Under age	0.0292		56			Digital		
11	24	65	Personal Information + Under age	0.0270		56			Digital		
11	24	66	Personal Information + Under age	0.0251		56			Digital		
11	24	67	Personal Information + Under age	0.0256		56			Digital		
11	24	68	Personal Information + Under age	0.0258		56			Digital		
11	24	69	Personal Information + Under age	0.0261		56			Digital		
11	24	70	Personal Information + Under age	0.0260		56			Digital		
11	24	71	Personal Information + Under age	0.0283		56			Digital		
11	24	72	Personal Information + Under age	0.0274		56			Digital		
11	24	73	Personal Information + Under age	0.0279		56			Digital		
11	24	74	Personal Information + Under age	0.0264	Uder age package include:<br /><br />DOBZIPSexSSNCityStateEmailPhoneAddress`Last Name``First Name`<br /><br /><br />!!!!!!!!!!!!    MINIMUM ORDER 10 DATA  !!!!!!!!!!!!<br /><br />ORDERS FOR 1 DATA WILL BE IGNORE AND DECLINE <br />ORDERS FOR 1 DATA WILL BE IGNORE AND DECLINE <br />ORDERS FOR 1 DATA WILL BE IGNORE AND DECLINE 	56	Worldwide	Worldwide	Digital	True	
11	24	75	Personal Information + Under age	0.0255		56			Digital		
11	24	76	Personal Information + Under age	0.0260	Uder age package include:<br /><br />DOBZIPSexSSNCityStateEmailPhoneAddress`Last Name``First Name`<br /><br /><br />!!!!!!!!!!!!    MINIMUM ORDER 10 DATA  !!!!!!!!!!!!<br /><br />ORDERS FOR 1 DATA WILL BE IGNORE AND DECLINE <br />ORDERS FOR 1 DATA WILL BE IGNORE AND DECLINE <br />ORDERS FOR 1 DATA WILL BE IGNORE AND DECLINE 	56	Worldwide	Worldwide	Digital	True	
11	24	78	Personal Information + Under age	0.0264		56			Digital		
11	24	79	Personal Information + Under age	0.0266		56			Digital		
11	24	80	Personal Information + Under age	0.0265		56			Digital		
11	24	81	Personal Information + Under age	0.0278		56	Worldwide		Digital	True	
11	24	82	Personal Information + Under age	0.0286	Uder age package include:<br /><br />DOBZIPSexSSNCityStateEmailPhoneAddress`Last Name``First Name`<br /><br /><br />!!!!!!!!!!!!    MINIMUM ORDER 10 DATA  !!!!!!!!!!!!<br /><br />ORDERS FOR 1 DATA WILL BE IGNORE AND DECLINE <br />ORDERS FOR 1 DATA WILL BE IGNORE AND DECLINE <br />ORDERS FOR 1 DATA WILL BE IGNORE AND DECLINE 	56	Worldwide	Worldwide	Digital	True	
11	24	83	Personal Information + Under age	0.0310		56			Digital		
11	24	84	Personal Information + Under age	0.0301	Uder age package include:<br /><br />DOBZIPSexSSNCityStateEmailPhoneAddress`Last Name``First Name`<br /><br /><br />!!!!!!!!!!!!    MINIMUM ORDER 10 DATA  !!!!!!!!!!!!<br /><br />ORDERS FOR 1 DATA WILL BE IGNORE AND DECLINE <br />ORDERS FOR 1 DATA WILL BE IGNORE AND DECLINE <br />ORDERS FOR 1 DATA WILL BE IGNORE AND DECLINE 	56	Worldwide	Worldwide	Digital	True	
11	24	85	Personal Information + Under age	0.0310		56			Digital		
11	24	86	Personal Information + Under age	0.0315	Uder age package include:<br /><br />DOBZIPSexSSNCityStateEmailPhoneAddress`Last Name``First Name`<br /><br /><br />!!!!!!!!!!!!    MINIMUM ORDER 10 DATA  !!!!!!!!!!!!<br /><br />ORDERS FOR 1 DATA WILL BE IGNORE AND DECLINE <br />ORDERS FOR 1 DATA WILL BE IGNORE AND DECLINE <br />ORDERS FOR 1 DATA WILL BE IGNORE AND DECLINE 	56	Worldwide	Worldwide	Digital	True	
11	24	87	Personal Information + Under age	0.0320	Uder age package include:<br /><br />DOBZIPSexSSNCityStateEmailPhoneAddress`Last Name``First Name`<br /><br /><br />!!!!!!!!!!!!    MINIMUM ORDER 10 DATA  !!!!!!!!!!!!<br /><br />ORDERS FOR 1 DATA WILL BE IGNORE AND DECLINE <br />ORDERS FOR 1 DATA WILL BE IGNORE AND DECLINE <br />ORDERS FOR 1 DATA WILL BE IGNORE AND DECLINE 	56	Worldwide	Worldwide	Digital	True	
11	24	88	Personal Information + Under age	0.0369		56			Digital		
11	24	90	Personal Information + Under age	0.0343		56			Digital		
11	24	91	Personal Information + Under age	0.0351	Uder age package include:<br /><br />DOBZIPSexSSNCityStateEmailPhoneAddress`Last Name``First Name`<br /><br /><br />!!!!!!!!!!!!    MINIMUM ORDER 10 DATA  !!!!!!!!!!!!<br /><br />ORDERS FOR 1 DATA WILL BE IGNORE AND DECLINE <br />ORDERS FOR 1 DATA WILL BE IGNORE AND DECLINE <br />ORDERS FOR 1 DATA WILL BE IGNORE AND DECLINE 	56	Worldwide	Worldwide	Digital	True	
11	24	92	Personal Information + Under age	0.0348		56			Digital		
11	24	93	Personal Information + Under age	0.0358		56	Worldwide		Digital	True	
