uid	username	reg_year	reg_month	reg_day	scrape_id	title	lp_year	lp_month	lp_day	lp_time	num_posts	location
2	Kimble	2014	1	11	0	Administrator	2014	1	22	18:25:28	141	
2	Kimble	2014	1	11	1	Administrator	2014	1	26	01:21:52	174	
2	Kimble	2014	1	11	2	Administrator	2014	2	2	22:22:48	229	
2	Kimble	2014	1	11	3	Administrator	2014	2	10	01:35:48	296	
2	Kimble	2014	1	11	4	Administrator	2014	2	12	15:07:13	310	
2	Kimble	2014	1	11	5	Administrator	2014	2	18	22:20:22	383	
2	Kimble	2014	1	11	6	Administrator	2014	2	21	21:53:48	453	
2	Kimble	2014	1	11	7	Administrator	2014	3	19	17:04:50	808	
2	Kimble	2014	1	11	8	Administrator	2014	4	4	22:25:05	960	
2	Kimble	2014	1	11	9	Administrator	2014	4	12	17:42:49	1038	
2	Kimble	2014	1	11	10	Administrator	2014	4	21	02:15:08	1115	
2	Kimble	2014	1	11	11	Administrator	2014	5	9	00:00:13	1208	
2	Kimble	2014	1	11	12	Administrator	2014	5	13	01:34:05	1281	
2	Kimble	2014	1	11	13	Administrator	2014	5	22	03:07:26	1316	
2	Kimble	2014	1	11	14	Administrator	2014	5	29	16:01:35	1407	
2	Kimble	2014	1	11	15	Administrator	2014	6	3	20:20:42	1422	
2	Kimble	2014	1	11	16	Administrator	2014	6	9	02:33:14	1493	
2	Kimble	2014	1	11	17	Administrator	2014	6	16	01:07:48	1588	
2	Kimble	2014	1	11	18	Administrator	2014	6	22	02:48:28	1626	
2	Kimble	2014	1	11	19	Administrator	2014	7	4	18:48:54	1744	
2	Kimble	2014	1	11	20	Administrator	2014	7	15	23:55:21	1846	
2	Kimble	2014	1	11	21	Administrator	2014	7	22	23:48:06	1856	
2	Kimble	2014	1	11	22	Administrator	2014	7	27	01:38:30	1898	
2	Kimble	2014	1	11	23	Administrator	2014	8	1	00:27:22	1926	
2	Kimble	2014	1	11	24	Administrator					1931	
2	Kimble	2014	1	11	25	Administrator	2014	8	9	20:32:32	2018	
2	Kimble	2014	1	11	26	Administrator					2034	
2	Kimble	2014	1	11	27	Administrator	2014	8	24	14:52:05	2111	
2	Kimble	2014	1	11	28	Administrator	2014	9	1	00:16:38	2176	
2	Kimble	2014	1	11	29	Administrator	2014	9	8	02:32:54	2183	
2	Kimble	2014	1	11	30	Administrator	2014	9	13	17:45:55	2223	
2	Kimble	2014	1	11	31	Administrator	2014	9	20	03:44:35	2273	
2	Kimble	2014	1	11	32	Administrator	2014	9	26	00:59:26	2312	
2	Kimble	2014	1	11	35	Administrator	2014	10	13	18:07:34	2396	
2	Kimble	2014	1	11	36	Administrator	2014	10	17	02:35:43	2414	
2	Kimble	2014	1	11	37	Administrator	2014	10	21	03:00:52	2441	
2	Kimble	2014	1	11	38	Administrator	2014	10	25	01:15:47	2485	
2	Kimble	2014	1	11	39	Administrator	2014	10	27	23:13:40	2503	
2	Kimble	2014	1	11	40	Administrator	2014	11	5	02:41:23	2542	
2	Kimble	2014	1	11	41	Administrator	2014	11	8	23:52:52	2552	
2	Kimble	2014	1	11	42	Administrator	2014	11	7	23:52:52	2553	
2	Kimble	2014	1	11	43	Administrator	2014	11	9	16:50:35	2558	
2	Kimble	2014	1	11	50	Administrator	2014	11	19	21:33:21	2583	
2	Kimble	2014	1	11	51	Administrator	2014	11	21	03:10:31	2589	
2	Kimble	2014	1	11	52	Administrator	2014	11	21	03:10:31	2592	
2	Kimble	2014	1	11	53	Administrator	2014	11	23	04:20:26	2592	
2	Kimble	2014	1	11	54	Administrator	2014	11	23	04:20:26	2595	
2	Kimble	2014	1	11	55	Administrator	2014	11	25	00:03:11	2601	
2	Kimble	2014	1	11	56	Administrator	2014	11	26	22:37:28	2625	
2	Kimble	2014	1	11	62	Administrator	2014	12	11	00:02:40	2730	
2	Kimble	2014	1	11	63	Administrator	2014	12	12	04:33:53	2746	
2	Kimble	2014	1	11	64	Administrator	2014	12	19	16:12:52	2746	
2	Kimble	2014	1	11	66	Administrator	2014	12	24	21:39:55	2770	
2	Kimble	2014	1	11	67	Administrator	2014	12	26	16:00:31	2795	
2	Kimble	2014	1	11	69	Administrator	2014	12	30	22:47:18	2815	
2	Kimble	2014	1	11	70	Administrator	2015	1	6	13:59:04	2815	
2	Kimble	2014	1	11	71	Administrator	2015	1	7	15:46:51	2824	
2	Kimble	2014	1	11	72	Administrator	2015	1	9	02:40:41	2824	
2	Kimble	2014	1	11	73	Administrator	2015	1	8	02:40:41	2824	
2	Kimble	2014	1	11	74	Administrator	2015	1	11	03:46:02	2826	
2	Kimble	2014	1	11	75	Administrator	2015	1	16	15:32:29	2835	
2	Kimble	2014	1	11	76	Administrator	2015	1	16	15:32:29	2836	
2	Kimble	2014	1	11	77	Administrator	2015	1	17	16:34:17	2837	
2	Kimble	2014	1	11	78	Administrator	2015	1	23	16:26:04	2857	
2	Kimble	2014	1	11	79	Administrator	2015	1	28	23:12:46	2858	
2	Kimble	2014	1	11	80	Administrator	2015	2	1	17:05:23	2858	
2	Kimble	2014	1	11	82	Administrator	2015	2	6	04:19:37	2864	
2	Kimble	2014	1	11	83	Administrator	2015	2	6	01:08:57	2872	
2	Kimble	2014	1	11	84	Administrator	2015	2	9	04:24:03	2872	
2	Kimble	2014	1	11	85	Administrator	2015	2	9	04:24:03	2872	
2	Kimble	2014	1	11	86	Administrator	2015	2	9	04:24:03	2877	
2	Kimble	2014	1	11	87	Administrator	2015	2	16	19:33:05	2877	
2	Kimble	2014	1	11	88	Administrator	2015	2	16	19:33:05	2877	
2	Kimble	2014	1	11	89	Administrator	2015	2	16	19:33:05	2877	
2	Kimble	2014	1	11	90	Administrator	2015	2	25	21:24:38	2879	
2	Kimble	2014	1	11	91	Administrator	2015	2	24	21:24:38	2885	
2	Kimble	2014	1	11	92	Administrator	2015	3	1	01:51:21	2885	
2	Kimble	2014	1	11	93	Administrator	2015	3	1	23:37:17	2885	
2	Kimble	2014	1	11	94	Administrator	2015	3	1	23:37:17	2890	
2	Kimble	2014	1	11	95	Administrator	2015	3	16	22:58:36	2892	
3	Verto	2014	1	11	0	Administrator	2014	1	22	18:33:47	25	
3	Verto	2014	1	11	1	Administrator	2014	1	25	21:05:47	25	
3	Verto	2014	1	11	2	Administrator	2014	2	1	12:35:53	47	
3	Verto	2014	1	11	3	Administrator	2014	2	8	16:11:59	63	
3	Verto	2014	1	11	4	Administrator	2014	2	12	13:13:40	67	
3	Verto	2014	1	11	5	Administrator	2014	2	18	20:00:28	85	
3	Verto	2014	1	11	6	Administrator	2014	2	21	20:38:25	110	
3	Verto	2014	1	11	7	Administrator	2014	3	17	17:42:54	247	
3	Verto	2014	1	11	8	Administrator	2014	4	4	00:28:00	337	
3	Verto	2014	1	11	9	Administrator	2014	4	12	20:13:11	457	
3	Verto	2014	1	11	10	Administrator	2014	4	20	03:13:53	623	
3	Verto	2014	1	11	11	Administrator	2014	5	8	23:24:52	730	
3	Verto	2014	1	11	12	Administrator	2014	5	12	08:20:49	745	
3	Verto	2014	1	11	13	Administrator	2014	5	21	03:11:28	754	
3	Verto	2014	1	11	14	Administrator	2014	5	29	03:02:04	789	
3	Verto	2014	1	11	15	Administrator	2014	6	3	01:37:49	796	
3	Verto	2014	1	11	16	Administrator	2014	6	8	23:11:43	819	
3	Verto	2014	1	11	17	Administrator	2014	6	13	02:45:58	849	
3	Verto	2014	1	11	18	Administrator	2014	6	21	03:33:31	885	
3	Verto	2014	1	11	19	Administrator					911	
3	Verto	2014	1	11	20	Administrator	2014	7	16	01:17:58	978	
3	Verto	2014	1	11	21	Administrator	2014	7	23	14:46:00	978	
3	Verto	2014	1	11	22	Administrator					978	
3	Verto	2014	1	11	23	Administrator	2014	7	25	02:18:37	992	
3	Verto	2014	1	11	25	Administrator					1023	
3	Verto	2014	1	11	26	Administrator					1026	
3	Verto	2014	1	11	27	Administrator					1033	
3	Verto	2014	1	11	28	Administrator	2014	8	31	22:43:57	1046	
3	Verto	2014	1	11	29	Administrator	2014	9	7	02:34:41	1049	
3	Verto	2014	1	11	30	Administrator	2014	9	13	03:01:11	1060	
3	Verto	2014	1	11	31	Administrator	2014	9	19	23:28:16	1068	
3	Verto	2014	1	11	32	Administrator	2014	9	21	01:04:59	1071	
3	Verto	2014	1	11	35	Administrator	2014	10	8	00:56:19	1072	
3	Verto	2014	1	11	36	Administrator	2014	10	17	01:31:10	1073	
3	Verto	2014	1	11	37	Administrator	2014	10	17	01:31:10	1073	
3	Verto	2014	1	11	38	Administrator	2014	10	24	20:24:29	1074	
3	Verto	2014	1	11	39	Administrator	2014	10	27	23:29:04	1117	
3	Verto	2014	1	11	40	Administrator	2014	11	4	20:07:08	1137	
3	Verto	2014	1	11	41	Administrator	2014	11	8	21:28:19	1138	
3	Verto	2014	1	11	42	Administrator	2014	11	7	21:28:19	1139	
3	Verto	2014	1	11	43	Administrator	2014	11	9	02:56:52	1145	
3	Verto	2014	1	11	50	Administrator	2014	11	16	10:07:30	1149	
3	Verto	2014	1	11	51	Administrator	2014	11	16	10:07:30	1149	
3	Verto	2014	1	11	52	Administrator	2014	11	16	10:07:30	1151	
3	Verto	2014	1	11	53	Administrator	2014	11	23	02:25:33	1152	
3	Verto	2014	1	11	54	Administrator	2014	11	23	02:25:33	1152	
3	Verto	2014	1	11	55	Administrator	2014	11	24	15:37:30	1158	
3	Verto	2014	1	11	56	Administrator	2014	11	24	15:37:30	1158	
3	Verto	2014	1	11	62	Administrator	2014	12	10	03:27:47	1171	
3	Verto	2014	1	11	63	Administrator	2014	12	12	00:56:34	1186	
3	Verto	2014	1	11	64	Administrator	2014	12	19	02:27:41	1192	
3	Verto	2014	1	11	66	Administrator	2014	12	21	20:16:23	1194	
3	Verto	2014	1	11	67	Administrator	2014	12	21	20:16:23	1194	
3	Verto	2014	1	11	69	Administrator	2014	12	21	20:16:23	1195	
3	Verto	2014	1	11	70	Administrator	2015	1	4	22:03:57	1195	
3	Verto	2014	1	11	71	Administrator	2015	1	4	22:03:57	1195	
3	Verto	2014	1	11	72	Administrator	2015	1	4	22:03:57	1195	
3	Verto	2014	1	11	73	Administrator	2015	1	4	22:03:57	1195	
3	Verto	2014	1	11	74	Administrator	2015	1	4	22:03:57	1195	
3	Verto	2014	1	11	75	Administrator	2015	1	16	02:18:33	1213	
3	Verto	2014	1	11	76	Administrator	2015	1	16	02:18:33	1222	
3	Verto	2014	1	11	77	Administrator	2015	1	21	02:23:29	1222	
3	Verto	2014	1	11	78	Administrator	2015	1	21	02:23:29	1224	
3	Verto	2014	1	11	79	Administrator	2015	1	26	05:40:56	1224	
3	Verto	2014	1	11	80	Administrator	2015	1	26	05:40:56	1224	
3	Verto	2014	1	11	82	Administrator	2015	2	5	22:55:42	1225	
3	Verto	2014	1	11	83	Administrator	2015	2	4	22:55:42	1225	
3	Verto	2014	1	11	84	Administrator	2015	2	4	22:55:42	1225	
3	Verto	2014	1	11	85	Administrator	2015	2	4	22:55:42	1225	
3	Verto	2014	1	11	86	Administrator	2015	2	4	22:55:42	1228	
3	Verto	2014	1	11	87	Administrator	2015	2	13	04:49:36	1228	
3	Verto	2014	1	11	88	Administrator	2015	2	13	04:49:36	1228	
3	Verto	2014	1	11	89	Administrator	2015	2	19	20:49:39	1229	
3	Verto	2014	1	11	90	Administrator	2015	2	24	21:45:16	1232	
3	Verto	2014	1	11	91	Administrator	2015	2	25	04:05:54	1232	
3	Verto	2014	1	11	92	Administrator	2015	2	25	04:05:54	1234	
3	Verto	2014	1	11	93	Administrator	2015	3	2	00:44:39	1234	
3	Verto	2014	1	11	94	Administrator	2015	3	2	00:44:39	1234	
3	Verto	2014	1	11	95	Administrator	2015	3	2	00:44:39	1234	
5	interceptor	2014	1	12	0	Administrator	2014	1	21	03:54:50	44	Beyond Thunderdome
5	interceptor	2014	1	12	1	Administrator	2014	1	22	19:35:33	45	Beyond Thunderdome
5	interceptor	2014	1	12	2	Administrator	2014	2	2	22:49:54	73	Beyond Thunderdome
5	interceptor	2014	1	12	3	Administrator	2014	2	9	04:17:51	89	Beyond Thunderdome
5	interceptor	2014	1	12	4	Administrator	2014	2	9	04:17:51	89	Beyond Thunderdome
5	interceptor	2014	1	12	5	Administrator	2014	2	9	04:17:51	89	Beyond Thunderdome
5	interceptor	2014	1	12	6	Administrator	2014	2	9	04:17:51	89	Beyond Thunderdome
5	interceptor	2014	1	12	7	Administrator	2014	2	9	04:17:51	89	Beyond Thunderdome
5	interceptor	2014	1	12	8	Member	2014	2	9	04:17:51	89	Beyond Thunderdome
5	interceptor	2014	1	12	9	Member	2014	2	9	04:17:51	89	Beyond Thunderdome
5	interceptor	2014	1	12	10	Member	2014	2	9	04:17:51	89	Beyond Thunderdome
5	interceptor	2014	1	12	11	Member	2014	2	9	04:17:51	89	Beyond Thunderdome
5	interceptor	2014	1	12	12	Member	2014	2	9	04:17:51	89	Beyond Thunderdome
5	interceptor	2014	1	12	13	Member	2014	2	9	04:17:51	89	Beyond Thunderdome
5	interceptor	2014	1	12	14	Member	2014	2	9	04:17:51	89	Beyond Thunderdome
5	interceptor	2014	1	12	15	Member	2014	2	9	04:17:51	89	Beyond Thunderdome
5	interceptor	2014	1	12	16	Member	2014	2	9	04:17:51	89	Beyond Thunderdome
5	interceptor	2014	1	12	17	Member	2014	2	9	04:17:51	89	Beyond Thunderdome
5	interceptor	2014	1	12	18	Member	2014	2	9	04:17:51	89	Beyond Thunderdome
5	interceptor	2014	1	12	19	Member					89	
5	interceptor	2014	1	12	20	Member	2014	2	9	04:17:51	89	Beyond Thunderdome
5	interceptor	2014	1	12	21	Member	2014	2	9	04:17:51	89	Beyond Thunderdome
5	interceptor	2014	1	12	22	Member	2014	2	9	04:17:51	89	Beyond Thunderdome
5	interceptor	2014	1	12	23	Member	2014	2	9	04:17:51	89	Beyond Thunderdome
5	interceptor	2014	1	12	25	Member					89	
5	interceptor	2014	1	12	26	Member	2014	2	9	04:17:51	89	Beyond Thunderdome
5	interceptor	2014	1	12	27	Member					89	
5	interceptor	2014	1	12	28	Member	2014	2	9	04:17:51	89	Beyond Thunderdome
5	interceptor	2014	1	12	29	Member	2014	2	9	04:17:51	89	Beyond Thunderdome
5	interceptor	2014	1	12	30	Member	2014	2	9	04:17:51	89	Beyond Thunderdome
5	interceptor	2014	1	12	31	Member	2014	2	9	04:17:51	89	Beyond Thunderdome
5	interceptor	2014	1	12	32	Member	2014	2	9	04:17:51	89	Beyond Thunderdome
5	interceptor	2014	1	12	35	Member	2014	2	9	04:17:51	89	Beyond Thunderdome
5	interceptor	2014	1	12	36	Member	2014	2	9	04:17:51	89	Beyond Thunderdome
5	interceptor	2014	1	12	37	Member	2014	2	9	04:17:51	89	Beyond Thunderdome
5	interceptor	2014	1	12	38	Member	2014	2	9	04:17:51	89	Beyond Thunderdome
5	interceptor	2014	1	12	39	Member					89	
5	interceptor	2014	1	12	40	Member					89	
5	interceptor	2014	1	12	41	Member	2014	2	9	04:17:51	89	Beyond Thunderdome
5	interceptor	2014	1	12	42	Member	2014	2	9	04:17:51	89	Beyond Thunderdome
5	interceptor	2014	1	12	43	Member	2014	2	9	04:17:51	89	Beyond Thunderdome
5	interceptor	2014	1	12	50	Member	2014	2	9	04:17:51	89	Beyond Thunderdome
5	interceptor	2014	1	12	51	Member	2014	2	9	04:17:51	89	Beyond Thunderdome
5	interceptor	2014	1	12	52	Member	2014	2	9	04:17:51	89	Beyond Thunderdome
5	interceptor	2014	1	12	53	Member	2014	2	9	04:17:51	89	Beyond Thunderdome
5	interceptor	2014	1	12	54	Member	2014	2	9	04:17:51	89	Beyond Thunderdome
5	interceptor	2014	1	12	55	Member	2014	2	9	04:17:51	89	Beyond Thunderdome
5	interceptor	2014	1	12	56	Member	2014	2	9	04:17:51	89	Beyond Thunderdome
5	interceptor	2014	1	12	62	Member	2014	2	9	04:17:51	89	Beyond Thunderdome
5	interceptor	2014	1	12	63	Member	2014	2	9	04:17:51	89	Beyond Thunderdome
5	interceptor	2014	1	12	64	Member	2014	2	9	04:17:51	89	Beyond Thunderdome
5	interceptor	2014	1	12	66	Member	2014	2	9	04:17:51	89	Beyond Thunderdome
5	interceptor	2014	1	12	67	Member	2014	2	9	04:17:51	89	Beyond Thunderdome
5	interceptor	2014	1	12	69	Member	2014	2	9	04:17:51	89	Beyond Thunderdome
5	interceptor	2014	1	12	70	Member	2014	2	9	04:17:51	89	Beyond Thunderdome
5	interceptor	2014	1	12	71	Member	2014	2	9	04:17:51	89	Beyond Thunderdome
5	interceptor	2014	1	12	72	Member	2014	2	9	04:17:51	89	Beyond Thunderdome
5	interceptor	2014	1	12	73	Member	2014	2	9	04:17:51	89	Beyond Thunderdome
5	interceptor	2014	1	12	74	Member	2014	2	9	04:17:51	89	Beyond Thunderdome
5	interceptor	2014	1	12	75	Member	2014	2	9	04:17:51	89	Beyond Thunderdome
5	interceptor	2014	1	12	76	Member	2014	2	9	04:17:51	89	Beyond Thunderdome
5	interceptor	2014	1	12	77	Member	2014	2	9	04:17:51	89	Beyond Thunderdome
5	interceptor	2014	1	12	78	Member	2014	2	9	04:17:51	89	Beyond Thunderdome
5	interceptor	2014	1	12	79	Member	2014	2	9	04:17:51	89	Beyond Thunderdome
5	interceptor	2014	1	12	80	Member	2014	2	9	04:17:51	89	Beyond Thunderdome
5	interceptor	2014	1	12	82	Member	2014	2	9	04:17:51	89	Beyond Thunderdome
5	interceptor	2014	1	12	83	Member	2014	2	9	04:17:51	89	Beyond Thunderdome
5	interceptor	2014	1	12	84	Member	2014	2	9	04:17:51	89	Beyond Thunderdome
5	interceptor	2014	1	12	85	Member					89	
5	interceptor	2014	1	12	86	Member	2014	2	9	04:17:51	89	Beyond Thunderdome
5	interceptor	2014	1	12	87	Member	2014	2	9	04:17:51	89	Beyond Thunderdome
5	interceptor	2014	1	12	88	Member	2014	2	9	04:17:51	89	Beyond Thunderdome
5	interceptor	2014	1	12	89	Member	2014	2	9	04:17:51	89	Beyond Thunderdome
5	interceptor	2014	1	12	90	Member	2014	2	9	04:17:51	89	Beyond Thunderdome
5	interceptor	2014	1	12	91	Member	2014	2	9	04:17:51	89	Beyond Thunderdome
5	interceptor	2014	1	12	92	Member	2014	2	9	04:17:51	89	Beyond Thunderdome
5	interceptor	2014	1	12	93	Member	2014	2	9	04:17:51	89	Beyond Thunderdome
5	interceptor	2014	1	12	94	Member	2014	2	9	04:17:51	89	Beyond Thunderdome
5	interceptor	2014	1	12	95	Member	2014	2	9	04:17:51	89	Beyond Thunderdome
7	iSellPizza	2014	1	13	0	Member	2014	1	21	22:49:02	23	
7	iSellPizza	2014	1	13	2	Member	2014	1	30	14:29:36	24	
7	iSellPizza	2014	1	13	3	Member	2014	2	6	19:33:11	26	
7	iSellPizza	2014	1	13	4	Member	2014	2	6	19:33:11	26	
7	iSellPizza	2014	1	13	5	Member	2014	2	6	19:33:11	26	
7	iSellPizza	2014	1	13	6	Member	2014	2	6	19:33:11	26	
7	iSellPizza	2014	1	13	7	Member	2014	3	3	00:20:23	34	
7	iSellPizza	2014	1	13	8	Member	2014	3	3	00:20:23	36	
7	iSellPizza	2014	1	13	9	Member	2014	4	5	13:21:13	36	
7	iSellPizza	2014	1	13	10	Member	2014	4	5	13:21:13	36	
7	iSellPizza	2014	1	13	11	Member					36	
7	iSellPizza	2014	1	13	12	Member	2014	4	5	13:21:13	36	
7	iSellPizza	2014	1	13	13	Member	2014	4	5	13:21:13	36	
7	iSellPizza	2014	1	13	14	Member	2014	4	5	13:21:13	36	
7	iSellPizza	2014	1	13	15	Member					36	
7	iSellPizza	2014	1	13	16	Member	2014	4	5	13:21:13	36	
7	iSellPizza	2014	1	13	17	Member	2014	4	5	13:21:13	36	
7	iSellPizza	2014	1	13	18	Member	2014	4	5	13:21:13	36	
7	iSellPizza	2014	1	13	20	Member	2014	4	5	13:21:13	36	
7	iSellPizza	2014	1	13	21	Member	2014	4	5	13:21:13	36	
7	iSellPizza	2014	1	13	22	Member	2014	4	5	13:21:13	36	
7	iSellPizza	2014	1	13	23	Member	2014	4	5	13:21:13	36	
7	iSellPizza	2014	1	13	25	Member	2014	4	5	13:21:13	36	
7	iSellPizza	2014	1	13	26	Member	2014	4	5	13:21:13	36	
7	iSellPizza	2014	1	13	27	Member	2014	8	25	03:57:22	49	
7	iSellPizza	2014	1	13	28	Member	2014	8	29	13:02:58	54	
7	iSellPizza	2014	1	13	29	Member	2014	9	3	13:22:58	54	
7	iSellPizza	2014	1	13	30	Member	2014	9	3	13:22:58	54	
7	iSellPizza	2014	1	13	31	Member	2014	9	3	13:22:58	54	
7	iSellPizza	2014	1	13	35	Member	2014	9	3	13:22:58	54	
7	iSellPizza	2014	1	13	36	Member	2014	9	3	13:22:58	54	
7	iSellPizza	2014	1	13	37	Member	2014	9	3	13:22:58	54	
7	iSellPizza	2014	1	13	38	Member	2014	9	3	13:22:58	54	
7	iSellPizza	2014	1	13	39	Member	2014	9	3	13:22:58	54	
7	iSellPizza	2014	1	13	41	Member	2014	9	3	13:22:58	54	
7	iSellPizza	2014	1	13	42	Member	2014	9	3	13:22:58	54	
7	iSellPizza	2014	1	13	43	Member	2014	9	3	13:22:58	54	
7	iSellPizza	2014	1	13	50	Member					54	
7	iSellPizza	2014	1	13	51	Member					54	
7	iSellPizza	2014	1	13	52	Member					54	
7	iSellPizza	2014	1	13	53	Member	2014	9	3	13:22:58	54	
7	iSellPizza	2014	1	13	54	Member	2014	9	3	13:22:58	54	
7	iSellPizza	2014	1	13	55	Member	2014	9	3	13:22:58	54	
7	iSellPizza	2014	1	13	56	Member	2014	9	3	13:22:58	54	
7	iSellPizza	2014	1	13	62	Member	2014	9	3	13:22:58	54	
7	iSellPizza	2014	1	13	63	Member	2014	9	3	13:22:58	54	
7	iSellPizza	2014	1	13	64	Member					54	
7	iSellPizza	2014	1	13	66	Member	2014	9	3	13:22:58	54	
7	iSellPizza	2014	1	13	67	Member	2014	9	3	13:22:58	54	
7	iSellPizza	2014	1	13	69	Member	2014	9	3	13:22:58	54	
7	iSellPizza	2014	1	13	72	Member	2014	9	3	13:22:58	54	
7	iSellPizza	2014	1	13	75	Member	2014	9	3	13:22:58	54	
7	iSellPizza	2014	1	13	76	Member	2014	9	3	13:22:58	54	
7	iSellPizza	2014	1	13	77	Member	2014	9	3	13:22:58	54	
7	iSellPizza	2014	1	13	78	Member	2014	9	3	13:22:58	54	
7	iSellPizza	2014	1	13	79	Member	2014	9	3	13:22:58	54	
7	iSellPizza	2014	1	13	82	Member	2014	9	3	13:22:58	54	
7	iSellPizza	2014	1	13	83	Member	2014	9	3	13:22:58	54	
7	iSellPizza	2014	1	13	84	Member	2014	9	3	13:22:58	54	
7	iSellPizza	2014	1	13	86	Member	2014	9	3	13:22:58	54	
7	iSellPizza	2014	1	13	87	Member	2014	9	3	13:22:58	54	
7	iSellPizza	2014	1	13	88	Member	2014	9	3	13:22:58	54	
7	iSellPizza	2014	1	13	89	Member	2014	9	3	13:22:58	54	
7	iSellPizza	2014	1	13	90	Member	2014	9	3	13:22:58	54	
7	iSellPizza	2014	1	13	91	Member	2014	9	3	13:22:58	54	
7	iSellPizza	2014	1	13	92	Member	2014	9	3	13:22:58	54	
7	iSellPizza	2014	1	13	93	Member	2014	9	3	13:22:58	54	
7	iSellPizza	2014	1	13	94	Member	2014	9	3	13:22:58	54	
8	ENZO	2014	1	14	0	Member	2014	1	16	12:04:54	24	
8	ENZO	2014	1	14	1	Member	2014	1	16	12:04:54	24	
8	ENZO	2014	1	14	2	Member	2014	2	3	23:14:29	37	
8	ENZO	2014	1	14	3	Member	2014	2	9	17:50:18	45	
8	ENZO	2014	1	14	4	Member	2014	2	9	17:50:18	45	
8	ENZO	2014	1	14	5	Member	2014	2	14	09:24:34	47	
8	ENZO	2014	1	14	6	Member	2014	2	19	12:21:36	49	
8	ENZO	2014	1	14	7	Member	2014	3	17	14:29:30	73	
8	ENZO	2014	1	14	8	Member	2014	3	17	14:29:30	73	
8	ENZO	2014	1	14	9	Member	2014	4	12	12:09:46	74	
8	ENZO	2014	1	14	10	Member	2014	4	17	06:55:32	76	
8	ENZO	2014	1	14	11	Member	2014	4	25	15:06:21	76	
8	ENZO	2014	1	14	12	Member	2014	4	25	15:06:21	76	
8	ENZO	2014	1	14	13	Member	2014	4	25	15:06:21	76	
8	ENZO	2014	1	14	14	Member	2014	5	28	17:37:35	78	
8	ENZO	2014	1	14	15	Member	2014	5	28	17:37:35	78	
8	ENZO	2014	1	14	16	Member	2014	5	28	17:37:35	78	
8	ENZO	2014	1	14	17	Member	2014	5	28	17:37:35	78	
8	ENZO	2014	1	14	18	Member	2014	5	28	17:37:35	78	
8	ENZO	2014	1	14	19	Member					92	
8	ENZO	2014	1	14	20	Member	2014	7	13	22:59:00	127	
8	ENZO	2014	1	14	21	Member	2014	7	24	19:32:53	133	
8	ENZO	2014	1	14	22	Member	2014	7	26	15:03:47	136	
8	ENZO	2014	1	14	23	Member	2014	7	31	21:28:36	144	
8	ENZO	2014	1	14	25	Member					145	
8	ENZO	2014	1	14	26	Member	2014	8	5	02:08:01	145	
8	ENZO	2014	1	14	27	Member					145	
8	ENZO	2014	1	14	28	Member	2014	8	27	12:15:49	145	
8	ENZO	2014	1	14	29	Member	2014	8	27	12:15:49	145	
8	ENZO	2014	1	14	30	Member	2014	8	27	12:15:49	145	
8	ENZO	2014	1	14	31	Member	2014	8	27	12:15:49	145	
8	ENZO	2014	1	14	32	Member	2014	8	27	12:15:49	145	
8	ENZO	2014	1	14	35	Member	2014	8	27	12:15:49	145	
8	ENZO	2014	1	14	36	Member	2014	8	27	12:15:49	145	
8	ENZO	2014	1	14	37	Member	2014	10	21	12:40:53	148	
8	ENZO	2014	1	14	38	Vendor	2014	10	24	03:52:37	171	
8	ENZO	2014	1	14	39	Vendor					171	
8	ENZO	2014	1	14	40	Vendor	2014	11	2	23:56:01	192	
8	ENZO	2014	1	14	41	Vendor	2014	11	8	05:21:18	194	
8	ENZO	2014	1	14	42	Vendor	2014	11	7	05:21:18	194	
8	ENZO	2014	1	14	43	Vendor	2014	11	7	05:21:18	194	
8	ENZO	2014	1	14	50	Vendor	2014	11	17	17:24:04	204	
8	ENZO	2014	1	14	51	Vendor	2014	11	17	17:24:04	204	
8	ENZO	2014	1	14	52	Vendor	2014	11	17	17:24:04	204	
8	ENZO	2014	1	14	53	Vendor	2014	11	17	17:24:04	204	
8	ENZO	2014	1	14	54	Vendor	2014	11	17	17:24:04	204	
8	ENZO	2014	1	14	55	Vendor	2014	11	17	17:24:04	204	
8	ENZO	2014	1	14	56	Vendor	2014	11	17	17:24:04	204	
8	ENZO	2014	1	14	62	Vendor	2014	12	10	17:44:09	263	
8	ENZO	2014	1	14	63	Vendor	2014	12	12	19:13:55	267	
8	ENZO	2014	1	14	64	Vendor	2014	12	15	23:25:10	267	
8	ENZO	2014	1	14	66	Vendor	2014	12	24	01:29:40	269	
8	ENZO	2014	1	14	67	Vendor	2014	12	24	01:29:40	271	
8	ENZO	2014	1	14	69	Vendor	2014	12	30	03:05:01	276	
8	ENZO	2014	1	14	70	Vendor	2015	1	1	00:01:39	276	
8	ENZO	2014	1	14	71	Vendor	2015	1	1	00:01:39	276	
8	ENZO	2014	1	14	72	Vendor	2015	1	10	14:46:55	278	
8	ENZO	2014	1	14	73	Vendor	2015	1	9	23:01:55	279	
8	ENZO	2014	1	14	74	Vendor	2015	1	10	17:52:51	280	
8	ENZO	2014	1	14	75	Vendor	2015	1	10	17:52:51	284	
8	ENZO	2014	1	14	76	Vendor	2015	1	15	14:40:20	285	
8	ENZO	2014	1	14	77	Vendor	2015	1	16	20:10:22	288	
8	ENZO	2014	1	14	78	Vendor	2015	1	24	18:11:52	299	
8	ENZO	2014	1	14	79	Vendor	2015	1	29	18:16:24	299	
8	ENZO	2014	1	14	80	Vendor	2015	1	29	18:16:24	299	
8	ENZO	2014	1	14	82	Vendor	2015	1	29	18:16:24	299	
8	ENZO	2014	1	14	83	Vendor	2015	2	5	19:36:48	300	
8	ENZO	2014	1	14	84	Vendor	2015	2	5	19:36:48	300	
8	ENZO	2014	1	14	85	Vendor					300	
8	ENZO	2014	1	14	86	Vendor	2015	2	5	19:36:48	300	
8	ENZO	2014	1	14	87	Vendor	2015	2	5	19:36:48	300	
8	ENZO	2014	1	14	88	Vendor	2015	2	5	19:36:48	300	
8	ENZO	2014	1	14	89	Vendor	2015	2	5	19:36:48	300	
8	ENZO	2014	1	14	90	Vendor	2015	2	5	19:36:48	300	
8	ENZO	2014	1	14	91	Vendor	2015	2	5	19:36:48	300	
8	ENZO	2014	1	14	92	Vendor	2015	2	5	19:36:48	300	
8	ENZO	2014	1	14	93	Vendor	2015	2	5	19:36:48	300	
8	ENZO	2014	1	14	94	Vendor	2015	2	5	19:36:48	301	
8	ENZO	2014	1	14	95	Vendor	2015	3	8	03:08:41	301	
9	d33poutside	2014	1	14	0	Moderator	2014	1	22	06:49:33	67	
9	d33poutside	2014	1	14	1	Moderator	2014	1	25	20:37:13	78	
9	d33poutside	2014	1	14	2	Moderator	2014	2	3	22:18:00	115	
9	d33poutside	2014	1	14	3	Moderator	2014	2	9	18:07:10	137	
9	d33poutside	2014	1	14	4	Administrator	2014	2	12	07:39:48	150	
9	d33poutside	2014	1	14	5	Administrator	2014	2	17	23:01:42	191	
9	d33poutside	2014	1	14	6	Administrator	2014	2	21	23:23:53	271	
9	d33poutside	2014	1	14	7	Administrator	2014	3	19	18:33:29	666	Deep Abyss
9	d33poutside	2014	1	14	8	Administrator	2014	4	4	22:41:10	863	Deep Abyss
9	d33poutside	2014	1	14	9	Administrator	2014	4	12	14:23:46	929	Deep Abyss
9	d33poutside	2014	1	14	10	Administrator	2014	4	21	07:08:09	1007	Deep Abyss
9	d33poutside	2014	1	14	11	Member					1007	
9	d33poutside	2014	1	14	12	Member	2014	4	26	04:43:30	1007	Deep Abyss
9	d33poutside	2014	1	14	13	Member	2014	4	26	04:43:30	1007	Deep Abyss
9	d33poutside	2014	1	14	14	Member	2014	4	26	04:43:30	1007	Deep Abyss
9	d33poutside	2014	1	14	15	Member	2014	4	26	04:43:30	1007	Deep Abyss
9	d33poutside	2014	1	14	16	Member	2014	4	26	04:43:30	1007	Deep Abyss
9	d33poutside	2014	1	14	17	Member	2014	4	26	04:43:30	1007	Deep Abyss
9	d33poutside	2014	1	14	18	Member	2014	4	26	04:43:30	1007	Deep Abyss
9	d33poutside	2014	1	14	19	Member					1007	
9	d33poutside	2014	1	14	20	Member	2014	4	26	04:43:30	1007	Deep Abyss
9	d33poutside	2014	1	14	21	Member	2014	4	26	04:43:30	1007	Deep Abyss
9	d33poutside	2014	1	14	22	Member	2014	4	26	04:43:30	1007	Deep Abyss
9	d33poutside	2014	1	14	23	Member	2014	4	26	04:43:30	1007	Deep Abyss
9	d33poutside	2014	1	14	25	Member					1007	
9	d33poutside	2014	1	14	26	Member					1007	
9	d33poutside	2014	1	14	27	Member					1007	
9	d33poutside	2014	1	14	28	Member	2014	4	26	04:43:30	1007	Deep Abyss
9	d33poutside	2014	1	14	29	Member	2014	4	26	04:43:30	1007	Deep Abyss
9	d33poutside	2014	1	14	30	Member	2014	4	26	04:43:30	1007	Deep Abyss
9	d33poutside	2014	1	14	31	Member	2014	4	26	04:43:30	1007	Deep Abyss
9	d33poutside	2014	1	14	32	Member	2014	4	26	04:43:30	1007	Deep Abyss
9	d33poutside	2014	1	14	35	Member	2014	4	26	04:43:30	1007	Deep Abyss
9	d33poutside	2014	1	14	36	Member	2014	4	26	04:43:30	1007	Deep Abyss
9	d33poutside	2014	1	14	37	Member	2014	4	26	04:43:30	1007	Deep Abyss
9	d33poutside	2014	1	14	38	Member	2014	4	26	04:43:30	1007	Deep Abyss
9	d33poutside	2014	1	14	39	Member					1007	
9	d33poutside	2014	1	14	40	Member					1007	
9	d33poutside	2014	1	14	41	Member	2014	4	26	04:43:30	1007	Deep Abyss
9	d33poutside	2014	1	14	42	Member	2014	4	26	04:43:30	1007	Deep Abyss
9	d33poutside	2014	1	14	43	Member	2014	4	26	04:43:30	1007	Deep Abyss
9	d33poutside	2014	1	14	50	Member	2014	4	26	04:43:30	1007	Deep Abyss
9	d33poutside	2014	1	14	51	Member	2014	4	26	04:43:30	1007	Deep Abyss
9	d33poutside	2014	1	14	52	Member	2014	4	26	04:43:30	1007	Deep Abyss
9	d33poutside	2014	1	14	53	Member	2014	4	26	04:43:30	1007	Deep Abyss
9	d33poutside	2014	1	14	54	Member	2014	4	26	04:43:30	1007	Deep Abyss
9	d33poutside	2014	1	14	55	Member	2014	4	26	04:43:30	1007	Deep Abyss
9	d33poutside	2014	1	14	56	Member	2014	4	26	04:43:30	1007	Deep Abyss
9	d33poutside	2014	1	14	62	Member	2014	4	26	04:43:30	1007	Deep Abyss
9	d33poutside	2014	1	14	63	Member	2014	4	26	04:43:30	1007	Deep Abyss
9	d33poutside	2014	1	14	64	Member	2014	4	26	04:43:30	1007	Deep Abyss
9	d33poutside	2014	1	14	66	Member	2014	4	26	04:43:30	1007	Deep Abyss
9	d33poutside	2014	1	14	67	Member	2014	4	26	04:43:30	1007	Deep Abyss
9	d33poutside	2014	1	14	69	Member	2014	4	26	04:43:30	1007	Deep Abyss
9	d33poutside	2014	1	14	70	Member	2014	4	26	04:43:30	1007	Deep Abyss
9	d33poutside	2014	1	14	71	Member	2014	4	26	04:43:30	1007	Deep Abyss
9	d33poutside	2014	1	14	72	Member	2014	4	26	04:43:30	1007	Deep Abyss
9	d33poutside	2014	1	14	73	Member	2014	4	26	04:43:30	1007	Deep Abyss
9	d33poutside	2014	1	14	74	Member	2014	4	26	04:43:30	1007	Deep Abyss
9	d33poutside	2014	1	14	75	Member	2014	4	26	04:43:30	1007	Deep Abyss
9	d33poutside	2014	1	14	76	Member	2014	4	26	04:43:30	1007	Deep Abyss
9	d33poutside	2014	1	14	77	Member	2014	4	26	04:43:30	1007	Deep Abyss
9	d33poutside	2014	1	14	78	Member	2014	4	26	04:43:30	1007	Deep Abyss
9	d33poutside	2014	1	14	79	Member	2014	4	26	04:43:30	1007	Deep Abyss
9	d33poutside	2014	1	14	80	Member	2014	4	26	04:43:30	1007	Deep Abyss
9	d33poutside	2014	1	14	82	Member	2014	4	26	04:43:30	1007	Deep Abyss
9	d33poutside	2014	1	14	83	Member	2014	4	26	04:43:30	1007	Deep Abyss
9	d33poutside	2014	1	14	84	Member	2014	4	26	04:43:30	1007	Deep Abyss
9	d33poutside	2014	1	14	85	Member					1007	
9	d33poutside	2014	1	14	86	Member	2014	4	26	04:43:30	1007	Deep Abyss
9	d33poutside	2014	1	14	87	Member	2014	4	26	04:43:30	1007	Deep Abyss
9	d33poutside	2014	1	14	88	Member	2014	4	26	04:43:30	1007	Deep Abyss
9	d33poutside	2014	1	14	89	Member	2014	4	26	04:43:30	1007	Deep Abyss
9	d33poutside	2014	1	14	90	Member	2014	4	26	04:43:30	1007	Deep Abyss
9	d33poutside	2014	1	14	91	Member	2014	4	26	04:43:30	1007	Deep Abyss
9	d33poutside	2014	1	14	92	Member	2014	4	26	04:43:30	1007	Deep Abyss
9	d33poutside	2014	1	14	93	Member	2014	4	26	04:43:30	1007	Deep Abyss
9	d33poutside	2014	1	14	94	Member	2014	4	26	04:43:30	1007	Deep Abyss
9	d33poutside	2014	1	14	95	Member	2014	4	26	04:43:30	1007	Deep Abyss
10	visalo	2014	1	14	0	Member					0	
10	visalo	2014	1	14	2	Member					0	
10	visalo	2014	1	14	3	Member					0	
10	visalo	2014	1	14	4	Member					0	
10	visalo	2014	1	14	5	Member					0	
10	visalo	2014	1	14	6	Member					0	
10	visalo	2014	1	14	7	Member					0	
10	visalo	2014	1	14	8	Member					0	
10	visalo	2014	1	14	9	Member					0	
10	visalo	2014	1	14	10	Member					0	
10	visalo	2014	1	14	14	Member					0	
10	visalo	2014	1	14	18	Member					0	
10	visalo	2014	1	14	26	Member					0	
10	visalo	2014	1	14	30	Member					0	
10	visalo	2014	1	14	31	Member					0	
10	visalo	2014	1	14	35	Member					0	
10	visalo	2014	1	14	63	Member					0	
10	visalo	2014	1	14	94	Member					0	
11	BooMstick	2014	1	14	0	Member	2014	1	19	04:30:51	2	
11	BooMstick	2014	1	14	1	Member	2014	1	25	00:38:24	4	
11	BooMstick	2014	1	14	2	Member	2014	1	25	00:38:24	4	
11	BooMstick	2014	1	14	3	Member	2014	1	24	21:38:24	4	
11	BooMstick	2014	1	14	4	Member	2014	1	24	21:38:24	4	
11	BooMstick	2014	1	14	5	Member	2014	1	24	21:38:24	4	
11	BooMstick	2014	1	14	6	Member	2014	1	24	21:38:24	4	
11	BooMstick	2014	1	14	7	Member	2014	1	24	21:38:24	4	
11	BooMstick	2014	1	14	8	Member	2014	3	31	23:43:03	6	
11	BooMstick	2014	1	14	9	Member	2014	3	31	23:43:03	6	
11	BooMstick	2014	1	14	10	Member	2014	4	13	16:50:55	6	
11	BooMstick	2014	1	14	11	Member	2014	4	26	23:57:53	8	
11	BooMstick	2014	1	14	12	Member	2014	4	26	23:57:53	8	
11	BooMstick	2014	1	14	13	Member	2014	4	26	23:57:53	8	
11	BooMstick	2014	1	14	14	Member	2014	4	26	23:57:53	8	
11	BooMstick	2014	1	14	15	Member	2014	4	26	23:57:53	8	
11	BooMstick	2014	1	14	16	Member	2014	4	26	23:57:53	8	
11	BooMstick	2014	1	14	17	Member	2014	4	26	23:57:53	8	
11	BooMstick	2014	1	14	18	Member	2014	4	26	23:57:53	8	
11	BooMstick	2014	1	14	19	Member					8	
11	BooMstick	2014	1	14	20	Member	2014	4	26	23:57:53	8	
11	BooMstick	2014	1	14	21	Member	2014	4	26	23:57:53	8	
11	BooMstick	2014	1	14	22	Member	2014	4	26	23:57:53	8	
11	BooMstick	2014	1	14	23	Member	2014	4	26	23:57:53	8	
11	BooMstick	2014	1	14	25	Member					8	
11	BooMstick	2014	1	14	26	Member	2014	4	26	23:57:53	8	
11	BooMstick	2014	1	14	27	Member					8	
11	BooMstick	2014	1	14	28	Member	2014	4	26	23:57:53	8	
11	BooMstick	2014	1	14	29	Member	2014	4	26	23:57:53	8	
11	BooMstick	2014	1	14	30	Member	2014	4	26	23:57:53	8	
11	BooMstick	2014	1	14	31	Member	2014	4	26	23:57:53	8	
11	BooMstick	2014	1	14	32	Member	2014	4	26	23:57:53	8	
11	BooMstick	2014	1	14	35	Member	2014	4	26	23:57:53	8	
11	BooMstick	2014	1	14	36	Member	2014	4	26	23:57:53	8	
11	BooMstick	2014	1	14	37	Member	2014	4	26	23:57:53	8	
11	BooMstick	2014	1	14	38	Member	2014	4	26	23:57:53	8	
11	BooMstick	2014	1	14	39	Member					8	
11	BooMstick	2014	1	14	40	Member					8	
11	BooMstick	2014	1	14	41	Member	2014	4	26	23:57:53	8	
11	BooMstick	2014	1	14	42	Member	2014	4	26	23:57:53	8	
11	BooMstick	2014	1	14	43	Member	2014	4	26	23:57:53	8	
11	BooMstick	2014	1	14	50	Member	2014	4	26	23:57:53	8	
11	BooMstick	2014	1	14	51	Member	2014	4	26	23:57:53	8	
11	BooMstick	2014	1	14	52	Member	2014	4	26	23:57:53	8	
11	BooMstick	2014	1	14	53	Member	2014	4	26	23:57:53	8	
11	BooMstick	2014	1	14	54	Member	2014	4	26	23:57:53	8	
11	BooMstick	2014	1	14	55	Member	2014	4	26	23:57:53	8	
11	BooMstick	2014	1	14	56	Member	2014	4	26	23:57:53	8	
11	BooMstick	2014	1	14	62	Member	2014	4	26	23:57:53	8	
11	BooMstick	2014	1	14	63	Member	2014	4	26	23:57:53	8	
11	BooMstick	2014	1	14	64	Member	2014	4	26	23:57:53	8	
11	BooMstick	2014	1	14	66	Member	2014	4	26	23:57:53	8	
11	BooMstick	2014	1	14	67	Vendor	2014	4	26	23:57:53	10	
11	BooMstick	2014	1	14	69	Vendor	2014	12	29	02:28:32	11	
11	BooMstick	2014	1	14	70	Vendor	2014	12	29	02:28:32	11	
11	BooMstick	2014	1	14	71	Vendor	2014	12	29	02:28:32	11	
11	BooMstick	2014	1	14	72	Vendor	2014	12	29	02:28:32	11	
11	BooMstick	2014	1	14	73	Vendor	2014	12	29	02:28:32	11	
11	BooMstick	2014	1	14	74	Vendor	2014	12	29	02:28:32	11	
11	BooMstick	2014	1	14	75	Vendor	2014	12	29	02:28:32	11	
11	BooMstick	2014	1	14	76	Vendor	2014	12	29	02:28:32	11	
11	BooMstick	2014	1	14	77	Vendor	2014	12	29	02:28:32	11	
11	BooMstick	2014	1	14	78	Vendor	2014	12	29	02:28:32	12	
11	BooMstick	2014	1	14	79	Vendor	2015	1	25	03:21:23	12	
11	BooMstick	2014	1	14	80	Vendor	2015	1	25	03:21:23	12	
11	BooMstick	2014	1	14	82	Vendor	2015	2	5	00:28:51	14	
11	BooMstick	2014	1	14	83	Vendor	2015	2	4	00:28:51	14	
11	BooMstick	2014	1	14	84	Vendor	2015	2	4	00:28:51	14	
11	BooMstick	2014	1	14	85	Vendor					14	
11	BooMstick	2014	1	14	86	Vendor	2015	2	4	00:28:51	14	
11	BooMstick	2014	1	14	87	Vendor	2015	2	4	00:28:51	14	
11	BooMstick	2014	1	14	88	Vendor	2015	2	4	00:28:51	14	
11	BooMstick	2014	1	14	89	Vendor	2015	2	4	00:28:51	14	
11	BooMstick	2014	1	14	90	Vendor	2015	2	4	00:28:51	14	
11	BooMstick	2014	1	14	91	Vendor	2015	2	4	00:28:51	14	
11	BooMstick	2014	1	14	92	Vendor	2015	2	4	00:28:51	14	
11	BooMstick	2014	1	14	93	Vendor	2015	2	4	00:28:51	14	
11	BooMstick	2014	1	14	94	Vendor	2015	2	4	00:28:51	14	
11	BooMstick	2014	1	14	95	Vendor	2015	2	4	00:28:51	14	
12	LudoTilMortem	2014	1	14	0	Member	2014	1	22	06:39:55	173	TCF
12	LudoTilMortem	2014	1	14	1	Member	2014	1	24	23:28:23	174	TCF
12	LudoTilMortem	2014	1	14	2	Member	2014	1	31	15:01:34	175	TCF
12	LudoTilMortem	2014	1	14	3	Member					175	
12	LudoTilMortem	2014	1	14	4	Member	2014	2	12	18:07:55	176	TCF
12	LudoTilMortem	2014	1	14	5	Member	2014	2	12	18:07:55	176	TCF
12	LudoTilMortem	2014	1	14	6	Member	2014	2	12	18:07:55	176	TCF
12	LudoTilMortem	2014	1	14	7	Member	2014	2	23	14:01:24	176	TCF
12	LudoTilMortem	2014	1	14	8	Member	2014	4	1	21:38:37	184	TCF
12	LudoTilMortem	2014	1	14	9	Member	2014	4	9	05:08:14	188	TCF
12	LudoTilMortem	2014	1	14	10	Member	2014	4	9	05:08:14	190	TCF
12	LudoTilMortem	2014	1	14	11	Member	2014	5	9	03:52:53	206	TCF
12	LudoTilMortem	2014	1	14	12	Member	2014	5	11	01:12:39	217	TCF
12	LudoTilMortem	2014	1	14	13	Member	2014	5	22	03:41:38	257	TCF
12	LudoTilMortem	2014	1	14	14	Member	2014	5	29	04:37:41	283	TCF
12	LudoTilMortem	2014	1	14	15	Member	2014	6	3	13:15:57	287	TCF
12	LudoTilMortem	2014	1	14	16	Moderator	2014	6	9	04:12:03	566	TCF
12	LudoTilMortem	2014	1	14	17	Moderator	2014	6	16	06:36:19	962	TCF
12	LudoTilMortem	2014	1	14	18	Moderator	2014	6	22	02:22:47	1122	TCF
12	LudoTilMortem	2014	1	14	19	Moderator	2014	7	5	05:09:44	1473	TCF
12	LudoTilMortem	2014	1	14	20	Moderator	2014	7	15	23:42:29	1964	TCF
12	LudoTilMortem	2014	1	14	21	Moderator	2014	7	23	03:56:05	2035	TCF
12	LudoTilMortem	2014	1	14	22	Moderator	2014	7	27	04:26:34	2142	TCF
12	LudoTilMortem	2014	1	14	23	Moderator	2014	8	1	04:06:10	2290	TCF
12	LudoTilMortem	2014	1	14	24	Moderator					2355	
12	LudoTilMortem	2014	1	14	25	Moderator	2014	8	9	01:56:40	2518	TCF
12	LudoTilMortem	2014	1	14	26	Moderator	2014	8	16	04:33:48	2544	TCF
12	LudoTilMortem	2014	1	14	27	Moderator					2556	
12	LudoTilMortem	2014	1	14	28	Moderator	2014	9	1	01:12:33	2572	TCF
12	LudoTilMortem	2014	1	14	29	Moderator	2014	9	6	05:00:00	2573	TCF
12	LudoTilMortem	2014	1	14	30	Moderator	2014	9	13	04:38:16	2586	TCF
12	LudoTilMortem	2014	1	14	31	Moderator	2014	9	20	02:03:57	2595	TCF
12	LudoTilMortem	2014	1	14	32	Moderator	2014	9	26	01:51:28	2602	TCF
12	LudoTilMortem	2014	1	14	35	Moderator	2014	10	13	03:09:31	2684	TCF
12	LudoTilMortem	2014	1	14	36	Moderator	2014	10	17	01:46:36	2690	TCF
12	LudoTilMortem	2014	1	14	37	Moderator	2014	10	20	01:23:39	2706	TCF
12	LudoTilMortem	2014	1	14	38	Moderator	2014	10	25	05:18:46	2719	TCF
12	LudoTilMortem	2014	1	14	39	Moderator	2014	10	27	23:36:13	2723	TCF
12	LudoTilMortem	2014	1	14	40	Moderator	2014	11	5	22:26:19	2774	TCF
12	LudoTilMortem	2014	1	14	41	Moderator	2014	11	5	22:26:19	2774	TCF
12	LudoTilMortem	2014	1	14	42	Moderator	2014	11	5	22:26:19	2774	TCF
12	LudoTilMortem	2014	1	14	43	Moderator	2014	11	5	22:26:19	2776	TCF
12	LudoTilMortem	2014	1	14	50	Moderator	2014	11	17	23:31:10	2786	-
12	LudoTilMortem	2014	1	14	51	Moderator	2014	11	19	05:24:50	2786	-
12	LudoTilMortem	2014	1	14	52	Moderator	2014	11	19	05:24:50	2786	-
12	LudoTilMortem	2014	1	14	53	Moderator	2014	11	22	23:30:21	2786	-
12	LudoTilMortem	2014	1	14	54	Moderator	2014	11	22	23:30:21	2786	-
12	LudoTilMortem	2014	1	14	55	Moderator	2014	11	25	03:59:51	2786	-
12	LudoTilMortem	2014	1	14	56	Moderator	2014	11	25	03:59:51	2786	-
12	LudoTilMortem	2014	1	14	62	Moderator	2014	12	10	03:28:34	2790	-
12	LudoTilMortem	2014	1	14	63	Moderator	2014	12	13	01:23:05	2797	-
12	LudoTilMortem	2014	1	14	64	Moderator	2014	12	20	01:41:57	2797	-
12	LudoTilMortem	2014	1	14	66	Moderator	2014	12	24	19:31:43	2813	-
12	LudoTilMortem	2014	1	14	67	Moderator	2014	12	26	00:45:45	2817	-
12	LudoTilMortem	2014	1	14	69	Moderator	2014	12	28	22:38:09	2817	-
12	LudoTilMortem	2014	1	14	70	Moderator	2014	12	28	22:38:09	2817	-
12	LudoTilMortem	2014	1	14	71	Moderator	2014	12	28	22:38:09	2817	-
12	LudoTilMortem	2014	1	14	72	Moderator	2014	12	28	22:38:09	2817	-
12	LudoTilMortem	2014	1	14	73	Moderator	2014	12	28	22:38:09	2817	-
12	LudoTilMortem	2014	1	14	74	Moderator	2014	12	28	22:38:09	2817	-
12	LudoTilMortem	2014	1	14	75	Moderator	2014	12	28	22:38:09	2817	-
12	LudoTilMortem	2014	1	14	76	Market Moderator	2014	12	28	22:38:09	2817	-
12	LudoTilMortem	2014	1	14	77	Market Moderator	2014	12	28	22:38:09	2817	-
12	LudoTilMortem	2014	1	14	78	Market Moderator	2014	12	28	22:38:09	2817	-
12	LudoTilMortem	2014	1	14	79	Market Moderator	2014	12	28	22:38:09	2817	-
12	LudoTilMortem	2014	1	14	80	Market Moderator	2014	12	28	22:38:09	2817	-
12	LudoTilMortem	2014	1	14	82	Market Moderator	2014	12	28	22:38:09	2817	-
12	LudoTilMortem	2014	1	14	83	Market Moderator	2014	12	28	22:38:09	2817	-
12	LudoTilMortem	2014	1	14	84	Market Moderator	2014	12	28	22:38:09	2817	-
12	LudoTilMortem	2014	1	14	85	Market Moderator					2817	
12	LudoTilMortem	2014	1	14	86	Market Moderator	2014	12	28	22:38:09	2817	-
12	LudoTilMortem	2014	1	14	87	Market Moderator	2014	12	28	22:38:09	2817	-
12	LudoTilMortem	2014	1	14	88	Market Moderator	2014	12	28	22:38:09	2817	-
12	LudoTilMortem	2014	1	14	89	Market Moderator	2014	12	28	22:38:09	2817	-
12	LudoTilMortem	2014	1	14	90	Market Moderator	2014	12	28	22:38:09	2817	-
12	LudoTilMortem	2014	1	14	91	Market Moderator	2014	12	28	22:38:09	2817	-
12	LudoTilMortem	2014	1	14	92	Market Moderator	2014	12	28	22:38:09	2817	-
12	LudoTilMortem	2014	1	14	93	Market Moderator	2014	12	28	22:38:09	2817	-
12	LudoTilMortem	2014	1	14	94	Market Moderator	2014	12	28	22:38:09	2817	-
12	LudoTilMortem	2014	1	14	95	Market Moderator	2014	12	28	22:38:09	2817	-
13	Bigmeesh	2014	1	14	0	Member	2014	1	14	02:18:16	1	
13	Bigmeesh	2014	1	14	1	Member	2014	1	14	02:18:16	1	
13	Bigmeesh	2014	1	14	2	Member	2014	1	14	02:18:16	1	
13	Bigmeesh	2014	1	14	3	Member	2014	2	3	16:38:53	1	
13	Bigmeesh	2014	1	14	4	Member	2014	2	3	16:38:53	1	
13	Bigmeesh	2014	1	14	5	Member	2014	2	3	16:38:53	1	
13	Bigmeesh	2014	1	14	6	Member	2014	2	3	16:38:53	1	
13	Bigmeesh	2014	1	14	7	Member	2014	3	18	13:52:34	52	
13	Bigmeesh	2014	1	14	8	Member	2014	4	2	16:26:34	83	
13	Bigmeesh	2014	1	14	9	Member	2014	4	12	19:41:36	110	
13	Bigmeesh	2014	1	14	10	Member	2014	4	21	00:25:42	117	
13	Bigmeesh	2014	1	14	11	Moderator	2014	5	8	16:02:43	136	
13	Bigmeesh	2014	1	14	12	Moderator	2014	5	13	01:43:55	162	
13	Bigmeesh	2014	1	14	13	Moderator	2014	5	21	04:33:20	164	
13	Bigmeesh	2014	1	14	14	Moderator	2014	5	29	18:26:57	170	
13	Bigmeesh	2014	1	14	15	Moderator	2014	6	3	16:40:04	171	
13	Bigmeesh	2014	1	14	16	Moderator	2014	6	9	05:44:24	176	
13	Bigmeesh	2014	1	14	17	Moderator	2014	6	16	01:35:30	211	
13	Bigmeesh	2014	1	14	18	Moderator	2014	6	22	01:26:26	221	
13	Bigmeesh	2014	1	14	19	Moderator					229	
13	Bigmeesh	2014	1	14	20	Moderator	2014	7	15	21:06:35	249	
13	Bigmeesh	2014	1	14	21	Moderator	2014	7	24	22:43:49	253	
13	Bigmeesh	2014	1	14	22	Moderator	2014	7	26	19:10:53	254	
13	Bigmeesh	2014	1	14	23	Moderator	2014	7	31	18:37:33	257	
13	Bigmeesh	2014	1	14	25	Moderator					264	
13	Bigmeesh	2014	1	14	26	Moderator					265	
13	Bigmeesh	2014	1	14	27	Moderator					280	
13	Bigmeesh	2014	1	14	28	Moderator	2014	8	31	23:19:01	302	
13	Bigmeesh	2014	1	14	29	Moderator	2014	9	8	01:32:45	313	
13	Bigmeesh	2014	1	14	30	Moderator	2014	9	13	17:33:02	374	
13	Bigmeesh	2014	1	14	31	Moderator	2014	9	20	18:23:30	405	
13	Bigmeesh	2014	1	14	32	Moderator	2014	9	26	01:50:48	420	
13	Bigmeesh	2014	1	14	35	Moderator	2014	10	13	15:37:16	563	
13	Bigmeesh	2014	1	14	36	Moderator	2014	10	17	03:14:40	580	
13	Bigmeesh	2014	1	14	37	Moderator	2014	10	20	19:48:54	582	
13	Bigmeesh	2014	1	14	38	Moderator	2014	10	24	15:24:13	587	
13	Bigmeesh	2014	1	14	39	Moderator	2014	10	26	18:05:33	587	
13	Bigmeesh	2014	1	14	40	Moderator	2014	11	6	15:03:09	590	
13	Bigmeesh	2014	1	14	41	Moderator	2014	11	6	15:03:09	590	
13	Bigmeesh	2014	1	14	42	Moderator	2014	11	6	15:03:09	591	
13	Bigmeesh	2014	1	14	43	Moderator	2014	11	8	16:35:52	591	
13	Bigmeesh	2014	1	14	50	Moderator	2014	11	18	15:40:08	592	
13	Bigmeesh	2014	1	14	51	Moderator	2014	11	21	00:05:11	593	
13	Bigmeesh	2014	1	14	52	Moderator	2014	11	22	05:44:55	593	
13	Bigmeesh	2014	1	14	53	Moderator	2014	11	21	05:44:55	593	
13	Bigmeesh	2014	1	14	54	Moderator	2014	11	23	17:53:59	593	
13	Bigmeesh	2014	1	14	55	Moderator	2014	11	24	12:47:11	593	
13	Bigmeesh	2014	1	14	56	Moderator	2014	11	27	21:26:11	595	
13	Bigmeesh	2014	1	14	62	Moderator	2014	12	10	18:24:47	609	
13	Bigmeesh	2014	1	14	63	Moderator	2014	12	12	12:21:00	621	
13	Bigmeesh	2014	1	14	64	Moderator	2014	12	20	19:46:15	621	
13	Bigmeesh	2014	1	14	66	Moderator	2014	12	24	17:00:41	622	
13	Bigmeesh	2014	1	14	67	Moderator	2014	12	26	18:37:00	622	
13	Bigmeesh	2014	1	14	69	Moderator	2014	12	26	18:37:00	622	
13	Bigmeesh	2014	1	14	70	Moderator	2015	1	6	18:48:13	622	
13	Bigmeesh	2014	1	14	71	Moderator	2015	1	7	05:06:44	622	
13	Bigmeesh	2014	1	14	72	Moderator	2015	1	9	23:35:16	622	
13	Bigmeesh	2014	1	14	73	Moderator	2015	1	8	23:35:16	622	
13	Bigmeesh	2014	1	14	74	Moderator	2015	1	8	23:35:16	622	
13	Bigmeesh	2014	1	14	75	Moderator	2015	1	16	15:28:20	622	
13	Bigmeesh	2014	1	14	76	Market Moderator	2015	1	16	15:28:20	623	
13	Bigmeesh	2014	1	14	77	Market Moderator	2015	1	17	16:20:43	625	
13	Bigmeesh	2014	1	14	78	Market Moderator	2015	1	24	13:07:24	627	
13	Bigmeesh	2014	1	14	79	Market Moderator	2015	1	27	02:04:23	627	
13	Bigmeesh	2014	1	14	80	Market Moderator	2015	2	1	20:57:49	627	
13	Bigmeesh	2014	1	14	82	Market Moderator	2015	2	6	13:22:42	629	
13	Bigmeesh	2014	1	14	83	Market Moderator	2015	2	5	22:06:24	634	
13	Bigmeesh	2014	1	14	84	Market Moderator	2015	2	10	01:08:23	634	
13	Bigmeesh	2014	1	14	85	Market Moderator	2015	2	10	20:31:18	634	
13	Bigmeesh	2014	1	14	86	Market Moderator	2015	2	10	20:31:18	634	
13	Bigmeesh	2014	1	14	87	Market Moderator	2015	2	16	16:43:20	635	
13	Bigmeesh	2014	1	14	88	Market Moderator	2015	2	19	14:17:18	638	
13	Bigmeesh	2014	1	14	89	Market Moderator	2015	2	21	21:09:03	640	
13	Bigmeesh	2014	1	14	90	Market Moderator	2015	2	25	22:53:13	643	
13	Bigmeesh	2014	1	14	91	Market Moderator	2015	2	26	02:33:18	643	
13	Bigmeesh	2014	1	14	92	Market Moderator	2015	3	1	16:12:31	644	
13	Bigmeesh	2014	1	14	93	Market Moderator	2015	3	3	13:21:21	654	
13	Bigmeesh	2014	1	14	94	Market Moderator	2015	3	8	17:44:49	657	
13	Bigmeesh	2014	1	14	95	Market Moderator	2015	3	17	02:55:56	657	
14	MrMouse	2014	1	14	0	Member	2014	1	22	19:23:45	50	
14	MrMouse	2014	1	14	1	Member	2014	1	25	22:49:26	66	
14	MrMouse	2014	1	14	2	Member	2014	2	3	21:31:20	94	
14	MrMouse	2014	1	14	3	Member	2014	2	10	01:50:34	142	
14	MrMouse	2014	1	14	4	Member	2014	2	12	18:20:56	147	
14	MrMouse	2014	1	14	5	Member	2014	2	18	00:33:36	160	
14	MrMouse	2014	1	14	6	Member	2014	2	21	04:04:46	167	
14	MrMouse	2014	1	14	7	Member	2014	3	17	19:39:27	174	
14	MrMouse	2014	1	14	8	Member	2014	4	3	13:13:06	177	
14	MrMouse	2014	1	14	9	Member	2014	4	8	16:08:11	181	
14	MrMouse	2014	1	14	10	Member	2014	4	21	02:20:24	212	
14	MrMouse	2014	1	14	11	Member	2014	5	9	00:24:02	241	
14	MrMouse	2014	1	14	12	Member	2014	5	11	23:20:28	250	
14	MrMouse	2014	1	14	13	Member	2014	5	20	07:17:20	251	
14	MrMouse	2014	1	14	14	Member	2014	5	29	20:02:50	257	
14	MrMouse	2014	1	14	15	Member	2014	5	29	20:02:50	257	
14	MrMouse	2014	1	14	16	Member	2014	6	8	02:15:22	266	
14	MrMouse	2014	1	14	17	Member	2014	6	16	03:19:33	304	
14	MrMouse	2014	1	14	18	Member	2014	6	21	09:37:52	305	
14	MrMouse	2014	1	14	19	Member					307	
14	MrMouse	2014	1	14	20	Member	2014	7	15	03:03:05	311	
14	MrMouse	2014	1	14	21	Member	2014	7	24	07:32:13	312	
14	MrMouse	2014	1	14	22	Member	2014	7	27	06:12:28	316	
14	MrMouse	2014	1	14	23	Member	2014	7	29	08:33:56	316	
14	MrMouse	2014	1	14	25	Member	2014	8	8	23:32:27	345	
14	MrMouse	2014	1	14	26	Member	2014	8	18	01:41:24	349	
14	MrMouse	2014	1	14	27	Member					387	
14	MrMouse	2014	1	14	28	Vendor	2014	9	1	00:39:13	418	
14	MrMouse	2014	1	14	29	Vendor	2014	9	6	23:17:23	425	
14	MrMouse	2014	1	14	30	Vendor	2014	9	13	07:55:15	456	
14	MrMouse	2014	1	14	31	Banned	2014	9	15	23:50:48	472	
14	MrMouse	2014	1	14	32	Banned	2014	9	15	23:50:48	472	
14	MrMouse	2014	1	14	35	Banned	2014	9	15	23:50:48	472	
14	MrMouse	2014	1	14	36	Banned	2014	9	15	23:50:48	472	
14	MrMouse	2014	1	14	37	Banned	2014	9	15	23:50:48	472	
14	MrMouse	2014	1	14	38	Banned	2014	9	15	23:50:48	472	
14	MrMouse	2014	1	14	39	Banned					472	
14	MrMouse	2014	1	14	40	Banned					472	
14	MrMouse	2014	1	14	41	Banned	2014	9	15	23:50:48	472	
14	MrMouse	2014	1	14	42	Banned	2014	9	15	23:50:48	472	
14	MrMouse	2014	1	14	43	Banned	2014	9	15	23:50:48	472	
14	MrMouse	2014	1	14	50	Banned	2014	9	15	23:50:48	472	
14	MrMouse	2014	1	14	51	Banned	2014	9	15	23:50:48	472	
14	MrMouse	2014	1	14	52	Banned	2014	9	15	23:50:48	472	
14	MrMouse	2014	1	14	53	Banned	2014	9	15	23:50:48	472	
14	MrMouse	2014	1	14	54	Banned	2014	9	15	23:50:48	472	
14	MrMouse	2014	1	14	55	Banned	2014	9	15	23:50:48	472	
14	MrMouse	2014	1	14	56	Banned	2014	9	15	23:50:48	472	
14	MrMouse	2014	1	14	62	Banned	2014	9	15	23:50:48	472	
14	MrMouse	2014	1	14	63	Banned	2014	9	15	23:50:48	472	
14	MrMouse	2014	1	14	64	Banned	2014	9	15	23:50:48	472	
14	MrMouse	2014	1	14	66	Banned	2014	9	15	23:50:48	472	
14	MrMouse	2014	1	14	67	Banned	2014	9	15	23:50:48	472	
14	MrMouse	2014	1	14	69	Banned	2014	9	15	23:50:48	472	
14	MrMouse	2014	1	14	70	Banned	2014	9	15	23:50:48	472	
14	MrMouse	2014	1	14	71	Banned	2014	9	15	23:50:48	472	
14	MrMouse	2014	1	14	72	Banned	2014	9	15	23:50:48	472	
14	MrMouse	2014	1	14	73	Banned	2014	9	15	23:50:48	472	
14	MrMouse	2014	1	14	74	Banned	2014	9	15	23:50:48	472	
14	MrMouse	2014	1	14	75	Banned	2014	9	15	23:50:48	472	
14	MrMouse	2014	1	14	76	Banned	2014	9	15	23:50:48	472	
14	MrMouse	2014	1	14	77	Banned	2014	9	15	23:50:48	472	
14	MrMouse	2014	1	14	78	Banned	2014	9	15	23:50:48	472	
14	MrMouse	2014	1	14	79	Banned	2014	9	15	23:50:48	472	
14	MrMouse	2014	1	14	80	Banned	2014	9	15	23:50:48	472	
14	MrMouse	2014	1	14	82	Banned	2014	9	15	23:50:48	472	
14	MrMouse	2014	1	14	83	Banned	2014	9	15	23:50:48	472	
14	MrMouse	2014	1	14	84	Banned	2014	9	15	23:50:48	472	
14	MrMouse	2014	1	14	85	Banned					472	
14	MrMouse	2014	1	14	86	Banned	2014	9	15	23:50:48	472	
14	MrMouse	2014	1	14	87	Banned	2014	9	15	23:50:48	472	
14	MrMouse	2014	1	14	88	Banned	2014	9	15	23:50:48	472	
14	MrMouse	2014	1	14	89	Banned	2014	9	15	23:50:48	472	
14	MrMouse	2014	1	14	90	Banned	2014	9	15	23:50:48	472	
14	MrMouse	2014	1	14	91	Banned	2014	9	15	23:50:48	472	
14	MrMouse	2014	1	14	92	Banned	2014	9	15	23:50:48	472	
14	MrMouse	2014	1	14	93	Banned	2014	9	15	23:50:48	472	
14	MrMouse	2014	1	14	94	Banned	2014	9	15	23:50:48	472	
14	MrMouse	2014	1	14	95	Banned	2014	9	15	23:50:48	472	
15	WhenInDoubt	2014	1	14	0	Member	2014	1	18	19:08:59	4	
15	WhenInDoubt	2014	1	14	2	Member	2014	1	25	04:35:47	5	
15	WhenInDoubt	2014	1	14	3	Member	2014	2	9	18:12:26	12	
15	WhenInDoubt	2014	1	14	4	Member	2014	2	12	06:46:40	13	
15	WhenInDoubt	2014	1	14	5	Member	2014	2	12	06:46:40	13	
15	WhenInDoubt	2014	1	14	6	Member	2014	2	12	06:46:40	13	
15	WhenInDoubt	2014	1	14	7	Member	2014	3	12	20:55:05	14	
15	WhenInDoubt	2014	1	14	8	Member	2014	4	3	23:54:59	19	
15	WhenInDoubt	2014	1	14	9	Member	2014	4	3	23:54:59	19	
15	WhenInDoubt	2014	1	14	10	Member	2014	4	3	23:54:59	19	
15	WhenInDoubt	2014	1	14	11	Member	2014	4	3	23:54:59	19	
15	WhenInDoubt	2014	1	14	12	Member	2014	4	3	23:54:59	19	
15	WhenInDoubt	2014	1	14	13	Member	2014	4	3	23:54:59	19	
15	WhenInDoubt	2014	1	14	14	Member	2014	4	3	23:54:59	19	
15	WhenInDoubt	2014	1	14	15	Member					19	
15	WhenInDoubt	2014	1	14	16	Member	2014	4	3	23:54:59	19	
15	WhenInDoubt	2014	1	14	17	Member	2014	4	3	23:54:59	19	
15	WhenInDoubt	2014	1	14	18	Member	2014	4	3	23:54:59	19	
15	WhenInDoubt	2014	1	14	20	Member	2014	4	3	23:54:59	19	
15	WhenInDoubt	2014	1	14	21	Member	2014	4	3	23:54:59	19	
15	WhenInDoubt	2014	1	14	22	Member	2014	4	3	23:54:59	19	
15	WhenInDoubt	2014	1	14	23	Member	2014	4	3	23:54:59	19	
15	WhenInDoubt	2014	1	14	26	Member	2014	4	3	23:54:59	19	
15	WhenInDoubt	2014	1	14	27	Member	2014	4	3	23:54:59	19	
15	WhenInDoubt	2014	1	14	28	Vendor	2014	4	3	23:54:59	25	
15	WhenInDoubt	2014	1	14	29	Vendor					25	
15	WhenInDoubt	2014	1	14	30	Vendor	2014	9	10	17:29:16	32	fnu&#039;s Vendor Account
15	WhenInDoubt	2014	1	14	31	Vendor	2014	9	19	20:23:29	40	fnu&#039;s Vendor Account
15	WhenInDoubt	2014	1	14	32	Vendor	2014	9	22	20:54:17	52	fnu&#039;s Vendor Account
15	WhenInDoubt	2014	1	14	35	Vendor	2014	10	13	05:59:15	55	fnu&#039;s Vendor Account
15	WhenInDoubt	2014	1	14	36	Vendor	2014	10	12	05:59:15	55	fnu&#039;s Vendor Account
15	WhenInDoubt	2014	1	14	37	Vendor	2014	10	12	05:59:15	55	fnu&#039;s Vendor Account
15	WhenInDoubt	2014	1	14	38	Vendor	2014	10	22	19:01:45	57	fnu&#039;s Vendor Account
15	WhenInDoubt	2014	1	14	39	Vendor					57	
15	WhenInDoubt	2014	1	14	40	Vendor					58	
15	WhenInDoubt	2014	1	14	41	Vendor	2014	10	31	15:18:25	58	fnu&#039;s Vendor Account
15	WhenInDoubt	2014	1	14	42	Vendor	2014	10	31	15:18:25	58	fnu&#039;s Vendor Account
15	WhenInDoubt	2014	1	14	43	Vendor	2014	11	9	08:13:05	64	fnu&#039;s Vendor Account
15	WhenInDoubt	2014	1	14	50	Vendor					78	
15	WhenInDoubt	2014	1	14	51	Vendor	2014	11	17	21:37:29	78	fnu&#039;s Vendor Account
15	WhenInDoubt	2014	1	14	52	Vendor	2014	11	17	21:37:29	78	fnu&#039;s Vendor Account
15	WhenInDoubt	2014	1	14	53	Vendor	2014	11	17	21:37:29	78	fnu&#039;s Vendor Account
15	WhenInDoubt	2014	1	14	54	Vendor	2014	11	17	21:37:29	78	fnu&#039;s Vendor Account
15	WhenInDoubt	2014	1	14	55	Vendor	2014	11	17	21:37:29	78	fnu&#039;s Vendor Account
15	WhenInDoubt	2014	1	14	56	Vendor	2014	11	26	10:44:31	79	fnu&#039;s Vendor Account
15	WhenInDoubt	2014	1	14	62	Vendor	2014	12	9	13:40:20	86	fnu&#039;s Vendor Account
15	WhenInDoubt	2014	1	14	63	Vendor	2014	12	13	11:09:13	86	fnu&#039;s Vendor Account
15	WhenInDoubt	2014	1	14	64	Vendor	2014	12	12	11:09:13	86	fnu&#039;s Vendor Account
15	WhenInDoubt	2014	1	14	66	Vendor	2014	12	12	11:09:13	86	fnu&#039;s Vendor Account
15	WhenInDoubt	2014	1	14	67	Vendor	2014	12	12	11:09:13	86	fnu&#039;s Vendor Account
15	WhenInDoubt	2014	1	14	69	Vendor	2014	12	12	11:09:13	86	fnu&#039;s Vendor Account
15	WhenInDoubt	2014	1	14	70	Vendor	2014	12	12	11:09:13	86	fnu&#039;s Vendor Account
15	WhenInDoubt	2014	1	14	71	Vendor	2014	12	12	11:09:13	86	fnu&#039;s Vendor Account
15	WhenInDoubt	2014	1	14	72	Vendor	2014	12	12	11:09:13	86	fnu&#039;s Vendor Account
15	WhenInDoubt	2014	1	14	73	Vendor	2014	12	12	11:09:13	86	fnu&#039;s Vendor Account
15	WhenInDoubt	2014	1	14	74	Vendor	2014	12	12	11:09:13	86	fnu&#039;s Vendor Account
15	WhenInDoubt	2014	1	14	75	Vendor	2014	12	12	11:09:13	86	fnu&#039;s Vendor Account
15	WhenInDoubt	2014	1	14	76	Vendor	2014	12	12	11:09:13	86	fnu&#039;s Vendor Account
15	WhenInDoubt	2014	1	14	77	Vendor	2014	12	12	11:09:13	86	fnu&#039;s Vendor Account
15	WhenInDoubt	2014	1	14	78	Vendor	2014	12	12	11:09:13	86	fnu&#039;s Vendor Account
15	WhenInDoubt	2014	1	14	79	Vendor	2014	12	12	11:09:13	86	fnu&#039;s Vendor Account
15	WhenInDoubt	2014	1	14	80	Vendor	2014	12	12	11:09:13	86	fnu&#039;s Vendor Account
15	WhenInDoubt	2014	1	14	82	Vendor	2014	12	12	11:09:13	86	fnu&#039;s Vendor Account
15	WhenInDoubt	2014	1	14	83	Vendor	2014	12	12	11:09:13	86	fnu&#039;s Vendor Account
15	WhenInDoubt	2014	1	14	84	Vendor	2014	12	12	11:09:13	86	fnu&#039;s Vendor Account
15	WhenInDoubt	2014	1	14	85	Vendor					86	
15	WhenInDoubt	2014	1	14	86	Vendor	2014	12	12	11:09:13	86	fnu&#039;s Vendor Account
15	WhenInDoubt	2014	1	14	87	Vendor	2014	12	12	11:09:13	86	fnu&#039;s Vendor Account
15	WhenInDoubt	2014	1	14	88	Vendor	2014	12	12	11:09:13	86	fnu&#039;s Vendor Account
15	WhenInDoubt	2014	1	14	89	Vendor	2014	12	12	11:09:13	86	fnu&#039;s Vendor Account
15	WhenInDoubt	2014	1	14	90	Vendor	2014	12	12	11:09:13	86	fnu&#039;s Vendor Account
15	WhenInDoubt	2014	1	14	91	Vendor	2014	12	12	11:09:13	86	fnu&#039;s Vendor Account
15	WhenInDoubt	2014	1	14	92	Vendor	2014	12	12	11:09:13	86	fnu&#039;s Vendor Account
15	WhenInDoubt	2014	1	14	93	Vendor	2014	12	12	11:09:13	86	fnu&#039;s Vendor Account
15	WhenInDoubt	2014	1	14	94	Vendor	2014	12	12	11:09:13	86	fnu&#039;s Vendor Account
15	WhenInDoubt	2014	1	14	95	Vendor	2014	12	12	11:09:13	86	fnu&#039;s Vendor Account
16	fnufnu	2014	1	14	0	Member	2014	1	21	23:19:49	55	
16	fnufnu	2014	1	14	1	Member	2014	1	26	02:32:26	60	
16	fnufnu	2014	1	14	2	Member	2014	2	2	22:48:46	139	
16	fnufnu	2014	1	14	3	Member	2014	2	10	06:34:59	172	
16	fnufnu	2014	1	14	4	Member	2014	2	12	17:27:59	177	
16	fnufnu	2014	1	14	5	Member	2014	2	17	18:22:19	214	
16	fnufnu	2014	1	14	6	Member	2014	2	22	00:58:28	245	
16	fnufnu	2014	1	14	7	Member	2014	3	19	18:47:07	391	
16	fnufnu	2014	1	14	8	Member	2014	4	3	13:10:18	420	
16	fnufnu	2014	1	14	9	Member	2014	4	12	22:21:00	432	
16	fnufnu	2014	1	14	10	Member	2014	4	19	20:41:43	456	
16	fnufnu	2014	1	14	11	Member	2014	5	8	20:29:19	473	
16	fnufnu	2014	1	14	12	Member	2014	5	12	12:05:34	475	
16	fnufnu	2014	1	14	13	Member	2014	5	21	18:25:45	476	
16	fnufnu	2014	1	14	14	Member	2014	5	27	21:15:59	478	
16	fnufnu	2014	1	14	15	Member					478	
16	fnufnu	2014	1	14	16	Sports Fan	2014	6	8	21:07:22	494	
16	fnufnu	2014	1	14	17	Sports Fan	2014	6	15	21:44:01	500	
16	fnufnu	2014	1	14	18	Sports Fan	2014	6	18	22:52:03	500	
16	fnufnu	2014	1	14	20	Member	2014	7	15	20:47:39	540	
16	fnufnu	2014	1	14	21	Member	2014	7	24	04:35:27	543	TCF
16	fnufnu	2014	1	14	22	Member	2014	7	27	20:31:02	545	TCF
16	fnufnu	2014	1	14	23	Member	2014	7	31	19:35:03	545	TCF
16	fnufnu	2014	1	14	25	Member	2014	8	9	20:17:27	549	TCF
16	fnufnu	2014	1	14	26	Member	2014	8	19	04:18:26	554	TCF
16	fnufnu	2014	1	14	27	Member					565	
16	fnufnu	2014	1	14	28	Member	2014	9	1	01:56:13	617	TCF
16	fnufnu	2014	1	14	29	Member	2014	9	7	23:08:22	622	TCF
16	fnufnu	2014	1	14	30	Member	2014	9	13	15:48:27	628	TCF
16	fnufnu	2014	1	14	31	Member	2014	9	19	23:05:04	637	TCF
16	fnufnu	2014	1	14	32	Member	2014	9	26	00:40:17	640	TCF
16	fnufnu	2014	1	14	35	Member	2014	10	14	02:14:51	647	TCF
16	fnufnu	2014	1	14	36	Member	2014	10	16	18:39:25	648	TCF
16	fnufnu	2014	1	14	37	Member	2014	10	21	10:21:41	667	TCF
16	fnufnu	2014	1	14	38	Member	2014	10	25	18:36:33	672	TCF
16	fnufnu	2014	1	14	39	Member	2014	10	27	19:44:58	675	TCF
16	fnufnu	2014	1	14	40	Member	2014	11	6	17:17:57	692	TCF
16	fnufnu	2014	1	14	41	Member	2014	11	6	18:01:18	700	TCF
16	fnufnu	2014	1	14	42	Member	2014	11	8	02:22:07	701	TCF
16	fnufnu	2014	1	14	43	Member					716	
16	fnufnu	2014	1	14	50	Member	2014	11	19	00:33:10	727	TCF
16	fnufnu	2014	1	14	51	Member	2014	11	21	04:29:02	728	TCF
16	fnufnu	2014	1	14	52	Member	2014	11	22	01:12:03	728	TCF
16	fnufnu	2014	1	14	53	Member	2014	11	22	23:01:45	728	TCF
16	fnufnu	2014	1	14	54	Member	2014	11	23	15:42:35	729	TCF
16	fnufnu	2014	1	14	55	Member	2014	11	25	01:59:48	734	TCF
16	fnufnu	2014	1	14	56	Member	2014	11	27	00:49:49	736	TCF
16	fnufnu	2014	1	14	62	Member	2014	12	10	20:05:47	747	TCF
16	fnufnu	2014	1	14	63	Member	2014	12	12	21:42:00	757	TCF
16	fnufnu	2014	1	14	64	Member	2014	12	20	20:12:34	758	TCF
16	fnufnu	2014	1	14	66	Member	2014	12	24	19:03:23	759	TCF
16	fnufnu	2014	1	14	67	Member	2014	12	23	19:03:23	759	TCF
16	fnufnu	2014	1	14	69	Member	2014	12	23	19:03:23	759	TCF
16	fnufnu	2014	1	14	70	Member	2014	12	23	19:03:23	759	TCF
16	fnufnu	2014	1	14	71	Member	2014	12	23	19:03:23	759	TCF
16	fnufnu	2014	1	14	72	Member	2014	12	23	19:03:23	759	TCF
16	fnufnu	2014	1	14	73	Member	2014	12	23	19:03:23	759	TCF
16	fnufnu	2014	1	14	74	Member	2014	12	23	19:03:23	759	TCF
16	fnufnu	2014	1	14	75	Member	2014	12	23	19:03:23	759	TCF
16	fnufnu	2014	1	14	76	Member	2014	12	23	19:03:23	759	TCF
16	fnufnu	2014	1	14	77	Member	2014	12	23	19:03:23	759	TCF
16	fnufnu	2014	1	14	78	Member	2014	12	23	19:03:23	759	TCF
16	fnufnu	2014	1	14	79	Member	2014	12	23	19:03:23	759	TCF
16	fnufnu	2014	1	14	80	Member	2014	12	23	19:03:23	759	TCF
16	fnufnu	2014	1	14	82	Member	2014	12	23	19:03:23	759	TCF
16	fnufnu	2014	1	14	83	Member	2014	12	23	19:03:23	759	TCF
16	fnufnu	2014	1	14	84	Member	2014	12	23	19:03:23	759	TCF
16	fnufnu	2014	1	14	85	Member					759	
16	fnufnu	2014	1	14	86	Member	2014	12	23	19:03:23	759	TCF
16	fnufnu	2014	1	14	87	Member	2014	12	23	19:03:23	759	TCF
16	fnufnu	2014	1	14	88	Member	2014	12	23	19:03:23	759	TCF
16	fnufnu	2014	1	14	89	Member	2014	12	23	19:03:23	759	TCF
16	fnufnu	2014	1	14	90	Member	2014	12	23	19:03:23	759	TCF
16	fnufnu	2014	1	14	91	Member	2014	12	23	19:03:23	759	TCF
16	fnufnu	2014	1	14	92	Member	2014	12	23	19:03:23	759	TCF
16	fnufnu	2014	1	14	93	Member	2014	12	23	19:03:23	759	TCF
16	fnufnu	2014	1	14	94	Member	2014	12	23	19:03:23	759	TCF
16	fnufnu	2014	1	14	95	Member	2014	12	23	19:03:23	759	TCF
17	yummy5656	2014	1	14	0	Member	2014	1	18	04:24:08	10	
17	yummy5656	2014	1	14	1	Member	2014	1	23	18:06:06	10	
17	yummy5656	2014	1	14	2	Member	2014	2	3	02:48:15	17	
17	yummy5656	2014	1	14	3	Member	2014	2	10	00:48:37	30	
17	yummy5656	2014	1	14	4	Member	2014	2	12	06:08:23	46	TCF
17	yummy5656	2014	1	14	5	Member	2014	2	17	22:11:39	74	TCF
17	yummy5656	2014	1	14	6	Member	2014	2	22	01:57:36	90	TCF
17	yummy5656	2014	1	14	7	Member	2014	3	19	15:33:27	178	TCF
17	yummy5656	2014	1	14	8	Member	2014	4	2	18:38:01	247	TCF
17	yummy5656	2014	1	14	9	Member	2014	4	12	16:26:43	276	TCF
17	yummy5656	2014	1	14	10	Member	2014	4	20	23:49:31	291	TCF
17	yummy5656	2014	1	14	11	Member	2014	5	9	01:54:22	320	TCF
17	yummy5656	2014	1	14	12	Member	2014	5	12	21:07:29	343	TCF
17	yummy5656	2014	1	14	13	Member	2014	5	21	14:21:32	351	TCF
17	yummy5656	2014	1	14	14	Member	2014	5	29	18:21:39	397	TCF
17	yummy5656	2014	1	14	15	Member	2014	6	3	20:21:05	404	TCF
17	yummy5656	2014	1	14	16	Sports Fan	2014	6	8	21:28:43	452	TCF
17	yummy5656	2014	1	14	17	Sports Fan	2014	6	16	00:09:43	517	TCF
17	yummy5656	2014	1	14	18	Sports Fan	2014	6	21	23:33:15	545	TCF
17	yummy5656	2014	1	14	19	Sports Fan					596	
17	yummy5656	2014	1	14	20	Member	2014	7	15	23:56:29	666	TCF
17	yummy5656	2014	1	14	21	Member	2014	7	23	10:54:44	674	TCF
17	yummy5656	2014	1	14	22	Member	2014	7	26	23:33:40	690	TCF
17	yummy5656	2014	1	14	23	Member					698	
17	yummy5656	2014	1	14	24	Member					705	
17	yummy5656	2014	1	14	25	Member					714	
17	yummy5656	2014	1	14	26	Member	2014	8	18	23:30:27	724	TCF
17	yummy5656	2014	1	14	27	Member					747	
17	yummy5656	2014	1	14	28	Vendor	2014	8	31	22:32:54	769	TCF
17	yummy5656	2014	1	14	29	Vendor	2014	9	7	22:41:12	776	TCF
17	yummy5656	2014	1	14	30	Vendor	2014	9	11	22:12:38	785	TCF
17	yummy5656	2014	1	14	31	Vendor	2014	9	19	21:19:37	792	TCF
17	yummy5656	2014	1	14	32	Vendor	2014	9	25	21:44:41	796	TCF
17	yummy5656	2014	1	14	35	Vendor	2014	10	12	21:47:51	812	TCF
17	yummy5656	2014	1	14	36	Vendor	2014	10	16	22:54:33	818	TCF
17	yummy5656	2014	1	14	37	Vendor	2014	10	21	09:58:26	824	TCF
17	yummy5656	2014	1	14	38	Vendor	2014	10	24	21:28:18	829	TCF
17	yummy5656	2014	1	14	39	Vendor	2014	10	27	23:16:52	835	TCF
17	yummy5656	2014	1	14	40	Vendor	2014	11	6	16:22:00	846	TCF
17	yummy5656	2014	1	14	41	Vendor	2014	11	8	23:25:09	850	TCF
17	yummy5656	2014	1	14	42	Vendor	2014	11	7	23:25:09	852	TCF
17	yummy5656	2014	1	14	43	Vendor	2014	11	9	14:07:43	855	TCF
17	yummy5656	2014	1	14	50	Vendor	2014	11	19	17:19:17	865	TCF
17	yummy5656	2014	1	14	51	Vendor	2014	11	20	21:05:23	869	TCF
17	yummy5656	2014	1	14	52	Vendor	2014	11	20	21:05:23	873	TCF
17	yummy5656	2014	1	14	53	Vendor	2014	11	22	22:57:55	873	TCF
17	yummy5656	2014	1	14	54	Vendor	2014	11	22	22:57:55	874	TCF
17	yummy5656	2014	1	14	55	Vendor	2014	11	25	02:33:42	878	TCF
17	yummy5656	2014	1	14	56	Vendor	2014	11	26	22:50:36	882	TCF
17	yummy5656	2014	1	14	62	Vendor	2014	12	9	23:44:17	907	TCF
17	yummy5656	2014	1	14	63	Vendor	2014	12	12	21:15:41	916	TCF
17	yummy5656	2014	1	14	64	Vendor	2014	12	20	18:16:45	921	TCF
17	yummy5656	2014	1	14	66	Vendor	2014	12	24	16:56:02	932	TCF
17	yummy5656	2014	1	14	67	Vendor	2014	12	27	01:35:57	937	TCF
17	yummy5656	2014	1	14	69	Vendor	2014	12	29	22:40:58	947	TCF
17	yummy5656	2014	1	14	70	Vendor	2015	1	7	01:52:27	947	TCF
17	yummy5656	2014	1	14	71	Vendor	2015	1	7	01:52:27	951	TCF
17	yummy5656	2014	1	14	72	Vendor	2015	1	9	23:45:14	953	TCF
17	yummy5656	2014	1	14	73	Vendor	2015	1	10	00:10:48	954	TCF
17	yummy5656	2014	1	14	74	Vendor	2015	1	10	22:19:59	955	TCF
17	yummy5656	2014	1	14	75	Vendor	2015	1	16	01:11:24	963	TCF
17	yummy5656	2014	1	14	76	Vendor	2015	1	16	01:11:24	965	TCF
17	yummy5656	2014	1	14	77	Vendor	2015	1	21	05:19:25	970	TCF
17	yummy5656	2014	1	14	78	Vendor	2015	1	24	01:15:32	973	TCF
17	yummy5656	2014	1	14	79	Vendor	2015	1	30	01:30:42	978	TCF
17	yummy5656	2014	1	14	80	Vendor	2015	2	2	02:32:59	979	TCF
17	yummy5656	2014	1	14	82	Vendor	2015	2	6	01:58:29	981	TCF
17	yummy5656	2014	1	14	83	Vendor	2015	2	5	01:58:29	987	TCF
17	yummy5656	2014	1	14	84	Vendor	2015	2	9	22:46:27	988	TCF
17	yummy5656	2014	1	14	85	Vendor	2015	2	11	15:11:18	989	TCF
17	yummy5656	2014	1	14	86	Vendor	2015	2	11	15:11:18	992	TCF
17	yummy5656	2014	1	14	87	Vendor	2015	2	17	19:41:30	995	TCF
17	yummy5656	2014	1	14	88	Vendor	2015	2	18	22:07:07	998	TCF
17	yummy5656	2014	1	14	89	Vendor	2015	2	21	13:19:02	1001	TCF
17	yummy5656	2014	1	14	90	Vendor	2015	2	25	19:52:09	1007	TCF
17	yummy5656	2014	1	14	91	Vendor	2015	2	26	19:06:32	1008	TCF
17	yummy5656	2014	1	14	92	Vendor	2015	2	28	01:01:18	1018	TCF
17	yummy5656	2014	1	14	93	Vendor	2015	3	3	14:02:19	1034	TCF
17	yummy5656	2014	1	14	94	Vendor	2015	3	7	21:54:58	1053	TCF
17	yummy5656	2014	1	14	95	Vendor	2015	3	17	23:01:48	1057	TCF
18	ark1	2014	1	14	0	Member	2014	1	16	17:28:25	1	
18	ark1	2014	1	14	1	Member	2014	1	16	17:28:25	1	
18	ark1	2014	1	14	2	Member	2014	1	16	17:28:25	1	
18	ark1	2014	1	14	3	Member	2014	1	16	14:28:25	1	
18	ark1	2014	1	14	4	Member	2014	1	16	14:28:25	1	
18	ark1	2014	1	14	5	Member	2014	1	16	14:28:25	1	
18	ark1	2014	1	14	6	Member	2014	1	16	14:28:25	1	
18	ark1	2014	1	14	7	Member	2014	1	16	14:28:25	1	
18	ark1	2014	1	14	8	Member	2014	1	16	14:28:25	1	
18	ark1	2014	1	14	9	Member	2014	1	16	14:28:25	1	
18	ark1	2014	1	14	10	Member	2014	1	16	14:28:25	1	
18	ark1	2014	1	14	12	Member	2014	1	16	14:28:25	1	
18	ark1	2014	1	14	13	Member	2014	1	16	14:28:25	1	
18	ark1	2014	1	14	14	Member	2014	1	16	14:28:25	1	
18	ark1	2014	1	14	16	Member					1	
18	ark1	2014	1	14	17	Member	2014	1	16	14:28:25	1	
18	ark1	2014	1	14	18	Member	2014	1	16	14:28:25	1	
18	ark1	2014	1	14	20	Member	2014	1	16	14:28:25	1	
18	ark1	2014	1	14	21	Member	2014	1	16	14:28:25	1	
18	ark1	2014	1	14	22	Member	2014	1	16	14:28:25	1	
18	ark1	2014	1	14	23	Member	2014	1	16	14:28:25	1	
18	ark1	2014	1	14	26	Member	2014	1	16	14:28:25	1	
18	ark1	2014	1	14	27	Member	2014	1	16	14:28:25	1	
18	ark1	2014	1	14	28	Member	2014	1	16	14:28:25	1	
18	ark1	2014	1	14	30	Member	2014	1	16	14:28:25	1	
18	ark1	2014	1	14	35	Member	2014	1	16	14:28:25	1	
18	ark1	2014	1	14	37	Member	2014	1	16	14:28:25	1	
18	ark1	2014	1	14	41	Member					1	
18	ark1	2014	1	14	43	Member					1	
18	ark1	2014	1	14	56	Member					1	
18	ark1	2014	1	14	62	Member					1	
18	ark1	2014	1	14	63	Member	2014	1	16	14:28:25	1	
18	ark1	2014	1	14	67	Member					1	
18	ark1	2014	1	14	69	Member	2014	1	16	14:28:25	1	
18	ark1	2014	1	14	76	Member	2014	1	16	14:28:25	1	
18	ark1	2014	1	14	77	Member	2014	1	16	14:28:25	1	
18	ark1	2014	1	14	78	Member	2014	1	16	14:28:25	1	
18	ark1	2014	1	14	79	Member					1	
18	ark1	2014	1	14	82	Member					1	
18	ark1	2014	1	14	83	Member	2014	1	16	14:28:25	1	
18	ark1	2014	1	14	84	Member					1	
18	ark1	2014	1	14	86	Member	2014	1	16	14:28:25	1	
18	ark1	2014	1	14	87	Member					1	
18	ark1	2014	1	14	88	Member					1	
18	ark1	2014	1	14	89	Member					1	
18	ark1	2014	1	14	92	Member	2014	1	16	14:28:25	1	
18	ark1	2014	1	14	93	Member	2014	1	16	14:28:25	1	
18	ark1	2014	1	14	94	Member	2014	1	16	14:28:25	1	
19	White27	2014	1	14	0	Member	2014	1	16	15:00:05	2	
19	White27	2014	1	14	2	Member	2014	1	16	15:00:05	2	
19	White27	2014	1	14	3	Member	2014	1	16	12:00:05	2	
19	White27	2014	1	14	4	Member	2014	1	16	12:00:05	2	
19	White27	2014	1	14	5	Member	2014	1	16	12:00:05	2	
19	White27	2014	1	14	6	Member	2014	1	16	12:00:05	2	
19	White27	2014	1	14	7	Member	2014	1	16	12:00:05	2	
19	White27	2014	1	14	8	Member	2014	1	16	12:00:05	2	
19	White27	2014	1	14	9	Member	2014	1	16	12:00:05	2	
19	White27	2014	1	14	10	Member	2014	1	16	12:00:05	2	
19	White27	2014	1	14	11	Member					2	
19	White27	2014	1	14	12	Member	2014	1	16	12:00:05	2	
19	White27	2014	1	14	13	Member	2014	1	16	12:00:05	2	
19	White27	2014	1	14	14	Member	2014	1	16	12:00:05	2	
19	White27	2014	1	14	16	Member	2014	6	11	00:23:21	2	
19	White27	2014	1	14	17	Member	2014	6	11	15:27:06	5	
19	White27	2014	1	14	18	Member	2014	6	11	15:27:06	5	
19	White27	2014	1	14	20	Member	2014	7	9	17:38:22	6	
19	White27	2014	1	14	21	Member	2014	7	9	17:38:22	6	
19	White27	2014	1	14	22	Member	2014	7	9	17:38:22	6	
19	White27	2014	1	14	23	Member	2014	7	9	17:38:22	6	
19	White27	2014	1	14	25	Member	2014	8	8	23:19:32	9	
19	White27	2014	1	14	26	Member	2014	8	10	16:17:16	9	
19	White27	2014	1	14	27	Member	2014	8	10	16:17:16	9	
19	White27	2014	1	14	28	Member	2014	8	10	16:17:16	9	
19	White27	2014	1	14	29	Member					9	
19	White27	2014	1	14	30	Member	2014	9	6	14:43:13	9	
19	White27	2014	1	14	31	Member	2014	9	19	16:38:36	9	
19	White27	2014	1	14	35	Member	2014	9	19	16:38:36	9	
19	White27	2014	1	14	36	Member	2014	9	19	16:38:36	9	
19	White27	2014	1	14	37	Member	2014	10	18	22:35:33	10	
19	White27	2014	1	14	40	Member					10	
19	White27	2014	1	14	41	Member	2014	10	18	22:35:33	10	
19	White27	2014	1	14	42	Member	2014	10	18	22:35:33	10	
19	White27	2014	1	14	43	Member	2014	10	18	22:35:33	10	
19	White27	2014	1	14	50	Member	2014	10	18	22:35:33	10	
19	White27	2014	1	14	51	Member	2014	10	18	22:35:33	10	
19	White27	2014	1	14	52	Member	2014	10	18	22:35:33	10	
19	White27	2014	1	14	53	Member	2014	10	18	22:35:33	10	
19	White27	2014	1	14	54	Member	2014	10	18	22:35:33	10	
19	White27	2014	1	14	55	Member					10	
19	White27	2014	1	14	56	Member	2014	10	18	22:35:33	10	
19	White27	2014	1	14	62	Member	2014	10	18	22:35:33	10	
19	White27	2014	1	14	63	Member	2014	10	18	22:35:33	10	
19	White27	2014	1	14	66	Member	2014	10	18	22:35:33	10	
19	White27	2014	1	14	67	Member	2014	10	18	22:35:33	10	
19	White27	2014	1	14	69	Member	2014	10	18	22:35:33	10	
19	White27	2014	1	14	71	Member					10	
19	White27	2014	1	14	72	Member	2014	10	18	22:35:33	10	
19	White27	2014	1	14	75	Member	2014	10	18	22:35:33	10	
19	White27	2014	1	14	76	Member	2014	10	18	22:35:33	10	
19	White27	2014	1	14	77	Member	2014	10	18	22:35:33	10	
19	White27	2014	1	14	78	Member	2014	10	18	22:35:33	10	
19	White27	2014	1	14	79	Member	2014	10	18	22:35:33	10	
19	White27	2014	1	14	82	Member	2015	2	2	15:54:56	11	
19	White27	2014	1	14	83	Member	2015	2	2	15:54:56	11	
19	White27	2014	1	14	84	Member	2015	2	2	15:54:56	11	
19	White27	2014	1	14	86	Member	2015	2	2	15:54:56	11	
19	White27	2014	1	14	87	Member	2015	2	2	15:54:56	11	
19	White27	2014	1	14	88	Member	2015	2	2	15:54:56	11	
19	White27	2014	1	14	89	Member	2015	2	2	15:54:56	11	
19	White27	2014	1	14	91	Member	2015	2	2	15:54:56	11	
19	White27	2014	1	14	92	Member	2015	2	2	15:54:56	11	
19	White27	2014	1	14	93	Member	2015	2	2	15:54:56	11	
19	White27	2014	1	14	94	Member	2015	2	2	15:54:56	11	
19	White27	2014	1	14	95	Member	2015	2	2	15:54:56	11	
20	realslimshady	2014	1	14	0	Member	2014	1	22	15:37:48	41	Rochester
20	realslimshady	2014	1	14	1	Member	2014	1	23	08:54:22	54	Rochester
20	realslimshady	2014	1	14	2	Member	2014	1	23	08:54:22	54	Rochester
20	realslimshady	2014	1	14	3	Member	2014	1	23	05:54:22	54	Rochester
20	realslimshady	2014	1	14	4	Member	2014	1	23	05:54:22	54	Rochester
20	realslimshady	2014	1	14	5	Member	2014	1	23	05:54:22	54	Rochester
20	realslimshady	2014	1	14	6	Member	2014	1	23	05:54:22	54	Rochester
20	realslimshady	2014	1	14	7	Member	2014	1	23	05:54:22	54	Rochester
20	realslimshady	2014	1	14	8	Member	2014	1	23	05:54:22	54	Rochester
20	realslimshady	2014	1	14	9	Member	2014	1	23	05:54:22	54	Rochester
20	realslimshady	2014	1	14	10	Member	2014	1	23	05:54:22	54	Rochester
20	realslimshady	2014	1	14	11	Member	2014	1	23	05:54:22	54	Rochester
20	realslimshady	2014	1	14	12	Member	2014	1	23	05:54:22	54	Rochester
20	realslimshady	2014	1	14	13	Member	2014	1	23	05:54:22	54	Rochester
20	realslimshady	2014	1	14	14	Member	2014	1	23	05:54:22	54	Rochester
20	realslimshady	2014	1	14	15	Member	2014	1	23	05:54:22	54	Rochester
20	realslimshady	2014	1	14	16	Member	2014	1	23	05:54:22	54	Rochester
20	realslimshady	2014	1	14	17	Member	2014	1	23	05:54:22	54	Rochester
20	realslimshady	2014	1	14	18	Member	2014	1	23	05:54:22	54	Rochester
20	realslimshady	2014	1	14	19	Member					54	
20	realslimshady	2014	1	14	20	Member	2014	1	23	05:54:22	54	Rochester
20	realslimshady	2014	1	14	21	Member	2014	1	23	05:54:22	54	Rochester
20	realslimshady	2014	1	14	22	Member	2014	1	23	05:54:22	54	Rochester
20	realslimshady	2014	1	14	23	Member	2014	1	23	05:54:22	54	Rochester
20	realslimshady	2014	1	14	25	Member					54	
20	realslimshady	2014	1	14	26	Member	2014	1	23	05:54:22	54	Rochester
20	realslimshady	2014	1	14	27	Member					54	
20	realslimshady	2014	1	14	28	Member	2014	1	23	05:54:22	54	Rochester
20	realslimshady	2014	1	14	29	Member	2014	1	23	05:54:22	54	Rochester
20	realslimshady	2014	1	14	30	Member	2014	1	23	05:54:22	54	Rochester
20	realslimshady	2014	1	14	31	Member	2014	1	23	05:54:22	54	Rochester
20	realslimshady	2014	1	14	32	Member	2014	1	23	05:54:22	54	Rochester
20	realslimshady	2014	1	14	35	Vendor	2014	9	30	02:22:45	55	Rochester
20	realslimshady	2014	1	14	36	Vendor	2014	9	30	02:22:45	55	Rochester
20	realslimshady	2014	1	14	37	Vendor	2014	9	30	02:22:45	55	Rochester
20	realslimshady	2014	1	14	38	Vendor	2014	9	30	02:22:45	55	Rochester
20	realslimshady	2014	1	14	39	Vendor					55	
20	realslimshady	2014	1	14	40	Vendor					55	
20	realslimshady	2014	1	14	41	Vendor	2014	9	30	02:22:45	55	Rochester
20	realslimshady	2014	1	14	42	Vendor	2014	9	30	02:22:45	55	Rochester
20	realslimshady	2014	1	14	43	Vendor	2014	9	30	02:22:45	55	Rochester
20	realslimshady	2014	1	14	50	Vendor	2014	9	30	02:22:45	55	Rochester
20	realslimshady	2014	1	14	51	Vendor	2014	9	30	02:22:45	55	Rochester
20	realslimshady	2014	1	14	52	Vendor	2014	9	30	02:22:45	55	Rochester
20	realslimshady	2014	1	14	53	Vendor	2014	9	30	02:22:45	55	Rochester
20	realslimshady	2014	1	14	54	Vendor	2014	9	30	02:22:45	55	Rochester
20	realslimshady	2014	1	14	55	Vendor	2014	9	30	02:22:45	55	Rochester
20	realslimshady	2014	1	14	56	Vendor	2014	9	30	02:22:45	55	Rochester
20	realslimshady	2014	1	14	62	Vendor	2014	9	30	02:22:45	55	Rochester
20	realslimshady	2014	1	14	63	Vendor	2014	9	30	02:22:45	55	Rochester
20	realslimshady	2014	1	14	64	Vendor	2014	9	30	02:22:45	55	Rochester
20	realslimshady	2014	1	14	66	Vendor	2014	9	30	02:22:45	55	Rochester
20	realslimshady	2014	1	14	67	Vendor	2014	9	30	02:22:45	55	Rochester
20	realslimshady	2014	1	14	69	Vendor	2014	9	30	02:22:45	55	Rochester
20	realslimshady	2014	1	14	70	Vendor	2014	9	30	02:22:45	55	Rochester
20	realslimshady	2014	1	14	71	Vendor	2014	9	30	02:22:45	55	Rochester
20	realslimshady	2014	1	14	72	Vendor	2014	9	30	02:22:45	55	Rochester
20	realslimshady	2014	1	14	73	Vendor	2014	9	30	02:22:45	55	Rochester
20	realslimshady	2014	1	14	74	Vendor	2014	9	30	02:22:45	55	Rochester
20	realslimshady	2014	1	14	75	Vendor	2014	9	30	02:22:45	55	Rochester
20	realslimshady	2014	1	14	76	Vendor	2014	9	30	02:22:45	55	Rochester
20	realslimshady	2014	1	14	77	Vendor	2014	9	30	02:22:45	55	Rochester
20	realslimshady	2014	1	14	78	Vendor	2014	9	30	02:22:45	55	Rochester
20	realslimshady	2014	1	14	79	Vendor	2014	9	30	02:22:45	55	Rochester
20	realslimshady	2014	1	14	80	Vendor	2014	9	30	02:22:45	55	Rochester
20	realslimshady	2014	1	14	82	Vendor	2014	9	30	02:22:45	55	Rochester
20	realslimshady	2014	1	14	83	Vendor	2014	9	30	02:22:45	55	Rochester
20	realslimshady	2014	1	14	84	Vendor	2014	9	30	02:22:45	55	Rochester
20	realslimshady	2014	1	14	85	Vendor					55	
20	realslimshady	2014	1	14	86	Vendor	2014	9	30	02:22:45	55	Rochester
20	realslimshady	2014	1	14	87	Vendor	2014	9	30	02:22:45	55	Rochester
20	realslimshady	2014	1	14	88	Vendor	2014	9	30	02:22:45	55	Rochester
20	realslimshady	2014	1	14	89	Vendor	2014	9	30	02:22:45	55	Rochester
20	realslimshady	2014	1	14	90	Vendor	2014	9	30	02:22:45	55	Rochester
20	realslimshady	2014	1	14	91	Vendor	2014	9	30	02:22:45	55	Rochester
20	realslimshady	2014	1	14	92	Vendor	2014	9	30	02:22:45	55	Rochester
20	realslimshady	2014	1	14	93	Vendor	2014	9	30	02:22:45	55	Rochester
20	realslimshady	2014	1	14	94	Vendor	2014	9	30	02:22:45	55	Rochester
20	realslimshady	2014	1	14	95	Vendor	2014	9	30	02:22:45	55	Rochester
21	roberto77	2014	1	14	0	Member	2014	1	19	04:19:19	4	
21	roberto77	2014	1	14	1	Member	2014	1	25	01:24:39	7	
21	roberto77	2014	1	14	2	Member	2014	2	3	20:06:58	11	
21	roberto77	2014	1	14	3	Member	2014	2	5	02:51:26	12	
21	roberto77	2014	1	14	4	Member	2014	2	12	19:08:37	12	
21	roberto77	2014	1	14	5	Member	2014	2	13	03:01:01	16	
21	roberto77	2014	1	14	6	Member	2014	2	13	03:01:01	16	
21	roberto77	2014	1	14	7	Member	2014	3	18	03:38:19	18	
21	roberto77	2014	1	14	8	Member	2014	3	18	03:38:19	18	
21	roberto77	2014	1	14	9	Member	2014	3	18	03:38:19	18	
21	roberto77	2014	1	14	10	Member	2014	3	18	03:38:19	18	
21	roberto77	2014	1	14	11	Member	2014	3	18	03:38:19	18	
21	roberto77	2014	1	14	12	Member	2014	3	18	03:38:19	18	
21	roberto77	2014	1	14	13	Member	2014	3	18	03:38:19	18	
21	roberto77	2014	1	14	14	Member	2014	3	18	03:38:19	18	
21	roberto77	2014	1	14	15	Member	2014	3	18	03:38:19	18	
21	roberto77	2014	1	14	16	Member	2014	3	18	03:38:19	18	
21	roberto77	2014	1	14	17	Member					18	
21	roberto77	2014	1	14	18	Member	2014	3	18	03:38:19	18	
21	roberto77	2014	1	14	19	Member					18	
21	roberto77	2014	1	14	20	Member	2014	3	18	03:38:19	18	
21	roberto77	2014	1	14	21	Member	2014	3	18	03:38:19	18	
21	roberto77	2014	1	14	22	Member	2014	3	18	03:38:19	18	
21	roberto77	2014	1	14	23	Member	2014	3	18	03:38:19	18	
21	roberto77	2014	1	14	25	Member	2014	3	18	03:38:19	18	
21	roberto77	2014	1	14	26	Member	2014	3	18	03:38:19	18	
21	roberto77	2014	1	14	27	Member					18	
21	roberto77	2014	1	14	28	Member	2014	3	18	03:38:19	18	
21	roberto77	2014	1	14	29	Member	2014	3	18	03:38:19	18	
21	roberto77	2014	1	14	30	Member	2014	3	18	03:38:19	18	
21	roberto77	2014	1	14	31	Member	2014	3	18	03:38:19	18	
21	roberto77	2014	1	14	32	Member	2014	3	18	03:38:19	18	
21	roberto77	2014	1	14	35	Member	2014	3	18	03:38:19	18	
21	roberto77	2014	1	14	36	Member	2014	3	18	03:38:19	18	
21	roberto77	2014	1	14	37	Member	2014	3	18	03:38:19	18	
21	roberto77	2014	1	14	38	Member	2014	3	18	03:38:19	18	
21	roberto77	2014	1	14	39	Member					18	
21	roberto77	2014	1	14	40	Member					18	
21	roberto77	2014	1	14	41	Member	2014	3	18	03:38:19	18	
21	roberto77	2014	1	14	42	Member	2014	3	18	03:38:19	18	
21	roberto77	2014	1	14	43	Member	2014	3	18	03:38:19	18	
21	roberto77	2014	1	14	50	Member	2014	3	18	03:38:19	18	
21	roberto77	2014	1	14	51	Member	2014	3	18	03:38:19	18	
21	roberto77	2014	1	14	52	Member	2014	3	18	03:38:19	18	
21	roberto77	2014	1	14	53	Member	2014	3	18	03:38:19	18	
21	roberto77	2014	1	14	54	Member	2014	3	18	03:38:19	18	
21	roberto77	2014	1	14	55	Member	2014	3	18	03:38:19	18	
21	roberto77	2014	1	14	56	Member	2014	3	18	03:38:19	18	
21	roberto77	2014	1	14	62	Member	2014	3	18	03:38:19	18	
21	roberto77	2014	1	14	63	Member	2014	3	18	03:38:19	18	
21	roberto77	2014	1	14	64	Member	2014	3	18	03:38:19	18	
21	roberto77	2014	1	14	66	Member	2014	3	18	03:38:19	18	
21	roberto77	2014	1	14	67	Member	2014	3	18	03:38:19	18	
21	roberto77	2014	1	14	69	Member	2014	3	18	03:38:19	18	
21	roberto77	2014	1	14	70	Member	2014	3	18	03:38:19	18	
21	roberto77	2014	1	14	71	Member	2014	3	18	03:38:19	18	
21	roberto77	2014	1	14	72	Member	2014	3	18	03:38:19	18	
21	roberto77	2014	1	14	73	Member	2014	3	18	03:38:19	18	
21	roberto77	2014	1	14	74	Member	2014	3	18	03:38:19	18	
21	roberto77	2014	1	14	75	Member	2014	3	18	03:38:19	18	
21	roberto77	2014	1	14	76	Member	2014	3	18	03:38:19	18	
21	roberto77	2014	1	14	77	Member	2014	3	18	03:38:19	18	
21	roberto77	2014	1	14	78	Member	2014	3	18	03:38:19	18	
21	roberto77	2014	1	14	79	Member	2014	3	18	03:38:19	18	
21	roberto77	2014	1	14	80	Member	2014	3	18	03:38:19	18	
21	roberto77	2014	1	14	82	Member	2014	3	18	03:38:19	18	
21	roberto77	2014	1	14	83	Member	2014	3	18	03:38:19	18	
21	roberto77	2014	1	14	84	Member	2014	3	18	03:38:19	18	
21	roberto77	2014	1	14	85	Member					18	
21	roberto77	2014	1	14	86	Member	2014	3	18	03:38:19	18	
21	roberto77	2014	1	14	87	Member	2014	3	18	03:38:19	18	
21	roberto77	2014	1	14	88	Member	2014	3	18	03:38:19	18	
21	roberto77	2014	1	14	89	Member	2014	3	18	03:38:19	18	
21	roberto77	2014	1	14	90	Member	2014	3	18	03:38:19	18	
21	roberto77	2014	1	14	91	Member	2014	3	18	03:38:19	18	
21	roberto77	2014	1	14	92	Member	2014	3	18	03:38:19	18	
21	roberto77	2014	1	14	93	Member	2014	3	18	03:38:19	18	
21	roberto77	2014	1	14	94	Member	2014	3	18	03:38:19	18	
21	roberto77	2014	1	14	95	Member	2014	3	18	03:38:19	18	
22	scythe	2014	1	14	0	Member	2014	1	21	16:58:14	60	
22	scythe	2014	1	14	1	Member	2014	1	25	04:37:37	92	
22	scythe	2014	1	14	2	Member	2014	2	3	04:47:28	135	
22	scythe	2014	1	14	3	Member	2014	2	7	02:44:22	146	
22	scythe	2014	1	14	4	Member	2014	2	11	03:57:50	147	
22	scythe	2014	1	14	5	Member	2014	2	13	23:44:08	147	
22	scythe	2014	1	14	6	Member	2014	2	21	15:46:12	148	
22	scythe	2014	1	14	7	Member	2014	3	19	17:58:16	170	
22	scythe	2014	1	14	8	Member	2014	4	2	00:51:43	174	
22	scythe	2014	1	14	9	Member	2014	4	6	22:15:48	174	
22	scythe	2014	1	14	10	Member	2014	4	18	01:29:39	174	
22	scythe	2014	1	14	11	Member	2014	4	18	01:29:39	174	
22	scythe	2014	1	14	12	Member	2014	4	18	01:29:39	174	
22	scythe	2014	1	14	13	Member					174	
22	scythe	2014	1	14	14	Member	2014	4	18	01:29:39	174	
22	scythe	2014	1	14	15	Member	2014	4	18	01:29:39	174	
22	scythe	2014	1	14	16	Member	2014	4	18	01:29:39	174	
22	scythe	2014	1	14	17	Member	2014	4	18	01:29:39	174	
22	scythe	2014	1	14	18	Member	2014	4	18	01:29:39	174	
22	scythe	2014	1	14	19	Member					174	
22	scythe	2014	1	14	20	Member	2014	4	18	01:29:39	174	
22	scythe	2014	1	14	21	Member	2014	4	18	01:29:39	174	
22	scythe	2014	1	14	22	Member					174	
22	scythe	2014	1	14	23	Member	2014	4	18	01:29:39	174	
22	scythe	2014	1	14	25	Member	2014	4	18	01:29:39	174	
22	scythe	2014	1	14	26	Member	2014	4	18	01:29:39	174	
22	scythe	2014	1	14	27	Member					174	
22	scythe	2014	1	14	28	Member	2014	4	18	01:29:39	174	
22	scythe	2014	1	14	29	Member	2014	4	18	01:29:39	174	
22	scythe	2014	1	14	30	Member	2014	4	18	01:29:39	174	
22	scythe	2014	1	14	31	Member	2014	4	18	01:29:39	174	
22	scythe	2014	1	14	32	Member	2014	4	18	01:29:39	174	
22	scythe	2014	1	14	35	Member	2014	4	18	01:29:39	174	
22	scythe	2014	1	14	36	Member	2014	4	18	01:29:39	174	
22	scythe	2014	1	14	37	Member	2014	4	18	01:29:39	174	
22	scythe	2014	1	14	38	Member	2014	4	18	01:29:39	174	
22	scythe	2014	1	14	41	Member	2014	4	18	01:29:39	174	
22	scythe	2014	1	14	42	Member	2014	4	18	01:29:39	174	
22	scythe	2014	1	14	43	Member	2014	4	18	01:29:39	174	
22	scythe	2014	1	14	50	Member	2014	4	18	01:29:39	174	
22	scythe	2014	1	14	51	Member	2014	4	18	01:29:39	174	
22	scythe	2014	1	14	52	Member	2014	4	18	01:29:39	174	
22	scythe	2014	1	14	53	Member	2014	4	18	01:29:39	174	
22	scythe	2014	1	14	54	Member	2014	4	18	01:29:39	174	
22	scythe	2014	1	14	55	Member	2014	4	18	01:29:39	174	
22	scythe	2014	1	14	56	Member	2014	4	18	01:29:39	174	
22	scythe	2014	1	14	62	Member	2014	4	18	01:29:39	174	
22	scythe	2014	1	14	63	Member	2014	4	18	01:29:39	174	
22	scythe	2014	1	14	64	Member	2014	4	18	01:29:39	174	
22	scythe	2014	1	14	66	Member	2014	4	18	01:29:39	174	
22	scythe	2014	1	14	67	Member	2014	4	18	01:29:39	174	
22	scythe	2014	1	14	69	Member	2014	4	18	01:29:39	174	
22	scythe	2014	1	14	70	Member					174	
22	scythe	2014	1	14	71	Member	2014	4	18	01:29:39	174	
22	scythe	2014	1	14	72	Member	2014	4	18	01:29:39	174	
22	scythe	2014	1	14	73	Member	2014	4	18	01:29:39	174	
22	scythe	2014	1	14	74	Member	2014	4	18	01:29:39	174	
22	scythe	2014	1	14	75	Member	2014	4	18	01:29:39	174	
22	scythe	2014	1	14	76	Member	2014	4	18	01:29:39	174	
22	scythe	2014	1	14	77	Member	2014	4	18	01:29:39	175	
22	scythe	2014	1	14	78	Member	2015	1	21	21:49:17	175	
22	scythe	2014	1	14	79	Member	2015	1	21	21:49:17	175	
22	scythe	2014	1	14	80	Member	2015	1	21	21:49:17	175	
22	scythe	2014	1	14	82	Member	2015	1	21	21:49:17	175	
22	scythe	2014	1	14	83	Member	2015	1	21	21:49:17	175	
22	scythe	2014	1	14	84	Member	2015	1	21	21:49:17	175	
22	scythe	2014	1	14	86	Member	2015	1	21	21:49:17	175	
22	scythe	2014	1	14	87	Member	2015	1	21	21:49:17	175	
22	scythe	2014	1	14	88	Member	2015	1	21	21:49:17	175	
22	scythe	2014	1	14	89	Member	2015	1	21	21:49:17	175	
22	scythe	2014	1	14	90	Member	2015	1	21	21:49:17	175	
22	scythe	2014	1	14	91	Member	2015	1	21	21:49:17	175	
22	scythe	2014	1	14	92	Member	2015	1	21	21:49:17	175	
22	scythe	2014	1	14	93	Member	2015	1	21	21:49:17	175	
22	scythe	2014	1	14	94	Member	2015	1	21	21:49:17	175	
22	scythe	2014	1	14	95	Member	2015	1	21	21:49:17	175	
23	bigmoney22	2014	1	14	0	Member	2014	1	22	07:29:09	10	
23	bigmoney22	2014	1	14	1	Member	2014	1	22	07:29:09	10	
23	bigmoney22	2014	1	14	2	Member	2014	1	27	13:58:10	13	
23	bigmoney22	2014	1	14	3	Member	2014	2	8	18:52:01	15	
23	bigmoney22	2014	1	14	4	Member	2014	2	8	18:52:01	15	
23	bigmoney22	2014	1	14	6	Member	2014	2	20	11:54:15	16	
23	bigmoney22	2014	1	14	7	Member	2014	2	23	15:52:22	16	
23	bigmoney22	2014	1	14	8	Member	2014	3	29	15:20:06	17	
23	bigmoney22	2014	1	14	9	Member	2014	3	29	15:20:06	17	
23	bigmoney22	2014	1	14	10	Member	2014	3	29	15:20:06	17	
23	bigmoney22	2014	1	14	11	Member					17	
23	bigmoney22	2014	1	14	12	Member	2014	3	29	15:20:06	17	
23	bigmoney22	2014	1	14	13	Member	2014	3	29	15:20:06	17	
23	bigmoney22	2014	1	14	14	Member	2014	3	29	15:20:06	17	
23	bigmoney22	2014	1	14	16	Member	2014	3	29	15:20:06	17	
23	bigmoney22	2014	1	14	17	Member	2014	3	29	15:20:06	17	
23	bigmoney22	2014	1	14	18	Member	2014	3	29	15:20:06	17	
23	bigmoney22	2014	1	14	20	Member	2014	3	29	15:20:06	17	
23	bigmoney22	2014	1	14	21	Member	2014	3	29	15:20:06	17	
23	bigmoney22	2014	1	14	22	Member	2014	3	29	15:20:06	17	
23	bigmoney22	2014	1	14	23	Member	2014	3	29	15:20:06	17	
23	bigmoney22	2014	1	14	25	Member	2014	8	10	13:51:23	17	
23	bigmoney22	2014	1	14	26	Member	2014	8	10	13:51:23	17	
23	bigmoney22	2014	1	14	27	Member	2014	8	10	13:51:23	17	
23	bigmoney22	2014	1	14	28	Member	2014	8	10	13:51:23	17	
23	bigmoney22	2014	1	14	30	Member	2014	8	10	13:51:23	17	
23	bigmoney22	2014	1	14	31	Member	2014	8	10	13:51:23	17	
23	bigmoney22	2014	1	14	35	Member	2014	8	10	13:51:23	17	
23	bigmoney22	2014	1	14	37	Member	2014	8	10	13:51:23	17	
23	bigmoney22	2014	1	14	38	Member	2014	8	10	13:51:23	17	
23	bigmoney22	2014	1	14	41	Member	2014	8	10	13:51:23	17	
23	bigmoney22	2014	1	14	42	Member					17	
23	bigmoney22	2014	1	14	43	Member	2014	8	10	13:51:23	17	
23	bigmoney22	2014	1	14	52	Member					17	
23	bigmoney22	2014	1	14	54	Member					17	
23	bigmoney22	2014	1	14	56	Member					17	
23	bigmoney22	2014	1	14	62	Member	2014	12	12	19:16:27	18	
23	bigmoney22	2014	1	14	63	Member	2014	12	12	19:16:27	23	
23	bigmoney22	2014	1	14	64	Member	2014	12	18	19:22:59	24	
23	bigmoney22	2014	1	14	66	Member	2014	12	23	01:58:14	24	
23	bigmoney22	2014	1	14	67	Member	2014	12	23	01:58:14	24	
23	bigmoney22	2014	1	14	69	Member	2014	12	23	01:58:14	24	
23	bigmoney22	2014	1	14	71	Member	2014	12	23	01:58:14	24	
23	bigmoney22	2014	1	14	72	Member	2014	12	23	01:58:14	24	
23	bigmoney22	2014	1	14	73	Member					24	
23	bigmoney22	2014	1	14	74	Member	2014	12	23	01:58:14	24	
23	bigmoney22	2014	1	14	75	Member	2014	12	23	01:58:14	24	
23	bigmoney22	2014	1	14	76	Member	2014	12	23	01:58:14	24	
23	bigmoney22	2014	1	14	77	Member	2014	12	23	01:58:14	24	
23	bigmoney22	2014	1	14	78	Member	2014	12	23	01:58:14	24	
23	bigmoney22	2014	1	14	79	Member	2014	12	23	01:58:14	24	
23	bigmoney22	2014	1	14	80	Member					24	
23	bigmoney22	2014	1	14	82	Member	2014	12	23	01:58:14	24	
23	bigmoney22	2014	1	14	83	Member	2014	12	23	01:58:14	24	
23	bigmoney22	2014	1	14	84	Member	2014	12	23	01:58:14	24	
23	bigmoney22	2014	1	14	85	Member					24	
23	bigmoney22	2014	1	14	86	Member	2014	12	23	01:58:14	24	
23	bigmoney22	2014	1	14	87	Member	2014	12	23	01:58:14	24	
23	bigmoney22	2014	1	14	88	Member	2014	12	23	01:58:14	24	
23	bigmoney22	2014	1	14	89	Member	2014	12	23	01:58:14	24	
23	bigmoney22	2014	1	14	90	Member	2014	12	23	01:58:14	24	
23	bigmoney22	2014	1	14	91	Member	2014	12	23	01:58:14	24	
23	bigmoney22	2014	1	14	92	Member	2014	12	23	01:58:14	24	
23	bigmoney22	2014	1	14	93	Member	2014	12	23	01:58:14	24	
23	bigmoney22	2014	1	14	94	Member	2014	12	23	01:58:14	24	
23	bigmoney22	2014	1	14	95	Member					24	
24	Bluekilo	2014	1	14	0	Member	2014	1	22	08:30:32	25	Western Europe
24	Bluekilo	2014	1	14	1	Member	2014	1	25	09:52:25	35	Western Europe
24	Bluekilo	2014	1	14	2	Member	2014	2	3	04:30:43	38	Western Europe
24	Bluekilo	2014	1	14	3	Member	2014	2	3	19:37:39	38	Western Europe
24	Bluekilo	2014	1	14	4	Member	2014	2	3	19:37:39	38	Western Europe
24	Bluekilo	2014	1	14	5	Member	2014	2	3	19:37:39	38	Western Europe
24	Bluekilo	2014	1	14	6	Member	2014	2	3	19:37:39	38	
24	Bluekilo	2014	1	14	7	Member	2014	2	23	23:24:35	40	
24	Bluekilo	2014	1	14	8	Member	2014	2	23	23:24:35	40	
24	Bluekilo	2014	1	14	9	Member	2014	2	23	23:24:35	40	
24	Bluekilo	2014	1	14	10	Member	2014	2	23	23:24:35	40	
24	Bluekilo	2014	1	14	11	Member	2014	2	23	23:24:35	40	
24	Bluekilo	2014	1	14	12	Member	2014	2	23	23:24:35	40	
24	Bluekilo	2014	1	14	13	Member	2014	2	23	23:24:35	40	
24	Bluekilo	2014	1	14	14	Member	2014	2	23	23:24:35	40	
24	Bluekilo	2014	1	14	15	Member	2014	2	23	23:24:35	40	
24	Bluekilo	2014	1	14	16	Member	2014	2	23	23:24:35	40	
24	Bluekilo	2014	1	14	17	Member					40	
24	Bluekilo	2014	1	14	18	Member	2014	2	23	23:24:35	40	
24	Bluekilo	2014	1	14	19	Member					40	
24	Bluekilo	2014	1	14	20	Member	2014	2	23	23:24:35	40	
24	Bluekilo	2014	1	14	21	Member	2014	2	23	23:24:35	40	
24	Bluekilo	2014	1	14	22	Member	2014	2	23	23:24:35	40	
24	Bluekilo	2014	1	14	23	Member	2014	2	23	23:24:35	40	
24	Bluekilo	2014	1	14	25	Member	2014	2	23	23:24:35	40	
24	Bluekilo	2014	1	14	26	Member					43	
24	Bluekilo	2014	1	14	27	Member					44	
24	Bluekilo	2014	1	14	28	Member	2014	8	29	16:17:45	44	
24	Bluekilo	2014	1	14	29	Member	2014	9	3	19:55:22	44	
24	Bluekilo	2014	1	14	30	Member	2014	9	12	03:33:35	44	
24	Bluekilo	2014	1	14	31	Member	2014	9	14	19:30:23	44	
24	Bluekilo	2014	1	14	32	Member	2014	9	23	22:03:29	44	
24	Bluekilo	2014	1	14	35	Member	2014	10	6	19:33:24	44	
24	Bluekilo	2014	1	14	36	Member	2014	10	6	19:33:24	44	
24	Bluekilo	2014	1	14	37	Member	2014	10	6	19:33:24	44	
24	Bluekilo	2014	1	14	38	Member	2014	10	6	19:33:24	44	
24	Bluekilo	2014	1	14	39	Member					44	
24	Bluekilo	2014	1	14	40	Member					44	
24	Bluekilo	2014	1	14	41	Member	2014	10	6	19:33:24	44	
24	Bluekilo	2014	1	14	42	Member	2014	10	6	19:33:24	44	
24	Bluekilo	2014	1	14	43	Member	2014	10	6	19:33:24	44	
24	Bluekilo	2014	1	14	50	Member	2014	10	6	19:33:24	44	
24	Bluekilo	2014	1	14	51	Member	2014	10	6	19:33:24	44	
24	Bluekilo	2014	1	14	52	Member	2014	10	6	19:33:24	44	
24	Bluekilo	2014	1	14	53	Member	2014	10	6	19:33:24	44	
24	Bluekilo	2014	1	14	54	Member	2014	10	6	19:33:24	44	
24	Bluekilo	2014	1	14	55	Member	2014	10	6	19:33:24	44	
24	Bluekilo	2014	1	14	56	Member	2014	10	6	19:33:24	44	
24	Bluekilo	2014	1	14	62	Member	2014	10	6	19:33:24	44	
24	Bluekilo	2014	1	14	63	Member	2014	10	6	19:33:24	44	
24	Bluekilo	2014	1	14	64	Member	2014	10	6	19:33:24	44	
24	Bluekilo	2014	1	14	66	Member	2014	10	6	19:33:24	44	
24	Bluekilo	2014	1	14	67	Member	2014	10	6	19:33:24	44	
24	Bluekilo	2014	1	14	69	Member	2014	10	6	19:33:24	44	
24	Bluekilo	2014	1	14	70	Member	2014	10	6	19:33:24	44	
24	Bluekilo	2014	1	14	71	Member	2014	10	6	19:33:24	44	
24	Bluekilo	2014	1	14	72	Member	2014	10	6	19:33:24	44	
24	Bluekilo	2014	1	14	73	Member	2014	10	6	19:33:24	44	
24	Bluekilo	2014	1	14	74	Member	2014	10	6	19:33:24	44	
24	Bluekilo	2014	1	14	75	Member	2014	10	6	19:33:24	44	
24	Bluekilo	2014	1	14	76	Member	2014	10	6	19:33:24	44	
24	Bluekilo	2014	1	14	77	Member	2014	10	6	19:33:24	44	
24	Bluekilo	2014	1	14	78	Member	2014	10	6	19:33:24	44	
24	Bluekilo	2014	1	14	79	Member	2014	10	6	19:33:24	44	
24	Bluekilo	2014	1	14	80	Member	2014	10	6	19:33:24	44	
24	Bluekilo	2014	1	14	82	Member	2014	10	6	19:33:24	44	
24	Bluekilo	2014	1	14	83	Member	2014	10	6	19:33:24	44	
24	Bluekilo	2014	1	14	84	Member	2014	10	6	19:33:24	44	
24	Bluekilo	2014	1	14	85	Member					44	
24	Bluekilo	2014	1	14	86	Member	2014	10	6	19:33:24	44	
24	Bluekilo	2014	1	14	87	Member	2014	10	6	19:33:24	44	
24	Bluekilo	2014	1	14	88	Member	2014	10	6	19:33:24	44	
24	Bluekilo	2014	1	14	89	Member	2014	10	6	19:33:24	44	
24	Bluekilo	2014	1	14	90	Member	2014	10	6	19:33:24	44	
24	Bluekilo	2014	1	14	91	Member	2014	10	6	19:33:24	44	
24	Bluekilo	2014	1	14	92	Member	2014	10	6	19:33:24	44	
24	Bluekilo	2014	1	14	93	Member	2014	10	6	19:33:24	44	
24	Bluekilo	2014	1	14	94	Member	2014	10	6	19:33:24	44	
24	Bluekilo	2014	1	14	95	Member	2014	10	6	19:33:24	44	
25	l0neranger	2014	1	14	0	Member	2014	1	14	03:16:36	1	
25	l0neranger	2014	1	14	1	Member	2014	1	14	03:16:36	1	
25	l0neranger	2014	1	14	2	Member	2014	2	2	02:34:17	3	
25	l0neranger	2014	1	14	3	Member	2014	1	31	23:34:17	3	
25	l0neranger	2014	1	14	4	Member	2014	1	31	23:34:17	3	
25	l0neranger	2014	1	14	5	Member	2014	1	31	23:34:17	3	
25	l0neranger	2014	1	14	6	Member	2014	1	31	23:34:17	3	
25	l0neranger	2014	1	14	7	Member	2014	1	31	23:34:17	3	
25	l0neranger	2014	1	14	8	Member	2014	1	31	23:34:17	3	
25	l0neranger	2014	1	14	9	Member	2014	1	31	23:34:17	3	
25	l0neranger	2014	1	14	10	Member	2014	1	31	23:34:17	3	
25	l0neranger	2014	1	14	11	Member	2014	1	31	23:34:17	3	
25	l0neranger	2014	1	14	12	Member	2014	1	31	23:34:17	3	
25	l0neranger	2014	1	14	13	Member	2014	1	31	23:34:17	3	
25	l0neranger	2014	1	14	14	Member	2014	1	31	23:34:17	3	
25	l0neranger	2014	1	14	15	Member	2014	1	31	23:34:17	3	
25	l0neranger	2014	1	14	16	Member	2014	1	31	23:34:17	3	
25	l0neranger	2014	1	14	17	Member	2014	1	31	23:34:17	3	
25	l0neranger	2014	1	14	18	Member	2014	1	31	23:34:17	3	
25	l0neranger	2014	1	14	19	Member					3	
25	l0neranger	2014	1	14	20	Member	2014	1	31	23:34:17	3	
25	l0neranger	2014	1	14	21	Member	2014	1	31	23:34:17	3	
25	l0neranger	2014	1	14	22	Member	2014	1	31	23:34:17	3	
25	l0neranger	2014	1	14	23	Member	2014	1	31	23:34:17	3	
25	l0neranger	2014	1	14	25	Member	2014	1	31	23:34:17	3	
25	l0neranger	2014	1	14	26	Member	2014	1	31	23:34:17	3	
25	l0neranger	2014	1	14	27	Member					3	
25	l0neranger	2014	1	14	28	Member	2014	1	31	23:34:17	3	
25	l0neranger	2014	1	14	29	Member	2014	1	31	23:34:17	3	
25	l0neranger	2014	1	14	30	Member	2014	1	31	23:34:17	3	
25	l0neranger	2014	1	14	31	Member	2014	1	31	23:34:17	3	
25	l0neranger	2014	1	14	32	Member	2014	1	31	23:34:17	3	
25	l0neranger	2014	1	14	35	Member	2014	1	31	23:34:17	3	
25	l0neranger	2014	1	14	36	Member	2014	1	31	23:34:17	3	
25	l0neranger	2014	1	14	37	Member	2014	1	31	23:34:17	3	
25	l0neranger	2014	1	14	38	Member	2014	1	31	23:34:17	3	
25	l0neranger	2014	1	14	39	Member					3	
25	l0neranger	2014	1	14	40	Member					3	
25	l0neranger	2014	1	14	41	Member	2014	1	31	23:34:17	3	
25	l0neranger	2014	1	14	42	Member	2014	1	31	23:34:17	3	
25	l0neranger	2014	1	14	43	Member	2014	1	31	23:34:17	3	
25	l0neranger	2014	1	14	50	Member	2014	1	31	23:34:17	3	
25	l0neranger	2014	1	14	51	Member	2014	1	31	23:34:17	3	
25	l0neranger	2014	1	14	52	Member	2014	1	31	23:34:17	3	
25	l0neranger	2014	1	14	53	Member	2014	1	31	23:34:17	3	
25	l0neranger	2014	1	14	54	Member	2014	1	31	23:34:17	3	
25	l0neranger	2014	1	14	55	Member	2014	1	31	23:34:17	3	
25	l0neranger	2014	1	14	56	Member	2014	1	31	23:34:17	3	
25	l0neranger	2014	1	14	62	Member	2014	1	31	23:34:17	3	
25	l0neranger	2014	1	14	63	Member	2014	1	31	23:34:17	3	
25	l0neranger	2014	1	14	64	Member	2014	1	31	23:34:17	3	
25	l0neranger	2014	1	14	66	Member	2014	1	31	23:34:17	3	
25	l0neranger	2014	1	14	67	Member	2014	1	31	23:34:17	3	
25	l0neranger	2014	1	14	69	Member	2014	1	31	23:34:17	3	
25	l0neranger	2014	1	14	70	Member	2014	1	31	23:34:17	3	
25	l0neranger	2014	1	14	71	Member	2014	1	31	23:34:17	3	
25	l0neranger	2014	1	14	72	Member	2014	1	31	23:34:17	3	
25	l0neranger	2014	1	14	73	Member	2014	1	31	23:34:17	3	
25	l0neranger	2014	1	14	74	Member	2014	1	31	23:34:17	3	
25	l0neranger	2014	1	14	75	Member	2014	1	31	23:34:17	3	
25	l0neranger	2014	1	14	76	Member	2014	1	31	23:34:17	3	
25	l0neranger	2014	1	14	77	Member	2014	1	31	23:34:17	3	
25	l0neranger	2014	1	14	78	Member	2014	1	31	23:34:17	3	
25	l0neranger	2014	1	14	79	Member	2014	1	31	23:34:17	3	
25	l0neranger	2014	1	14	82	Member	2014	1	31	23:34:17	3	
25	l0neranger	2014	1	14	83	Member	2014	1	31	23:34:17	3	
25	l0neranger	2014	1	14	84	Member	2014	1	31	23:34:17	3	
25	l0neranger	2014	1	14	85	Member					3	
25	l0neranger	2014	1	14	86	Member	2014	1	31	23:34:17	3	
25	l0neranger	2014	1	14	87	Member	2014	1	31	23:34:17	3	
25	l0neranger	2014	1	14	88	Member	2014	1	31	23:34:17	3	
25	l0neranger	2014	1	14	89	Member	2014	1	31	23:34:17	3	
25	l0neranger	2014	1	14	90	Member	2014	1	31	23:34:17	3	
25	l0neranger	2014	1	14	91	Member	2014	1	31	23:34:17	3	
25	l0neranger	2014	1	14	92	Member	2014	1	31	23:34:17	3	
25	l0neranger	2014	1	14	93	Member	2014	1	31	23:34:17	3	
25	l0neranger	2014	1	14	94	Member	2014	1	31	23:34:17	3	
25	l0neranger	2014	1	14	95	Member	2014	1	31	23:34:17	3	
26	CHECKCASH69	2014	1	14	0	Member					0	
26	CHECKCASH69	2014	1	14	2	Member					0	
26	CHECKCASH69	2014	1	14	3	Member					0	
26	CHECKCASH69	2014	1	14	4	Member					0	
26	CHECKCASH69	2014	1	14	5	Member					0	
26	CHECKCASH69	2014	1	14	6	Member					0	
26	CHECKCASH69	2014	1	14	8	Member					0	
26	CHECKCASH69	2014	1	14	10	Member					0	
26	CHECKCASH69	2014	1	14	12	Member					0	
26	CHECKCASH69	2014	1	14	20	Member					0	
26	CHECKCASH69	2014	1	14	26	Member					0	
26	CHECKCASH69	2014	1	14	30	Member					0	
26	CHECKCASH69	2014	1	14	31	Member					0	
27	TheDearthStar	2014	1	14	0	Member	2014	1	16	21:59:22	5	
27	TheDearthStar	2014	1	14	1	Member	2014	1	24	13:18:35	5	
27	TheDearthStar	2014	1	14	2	Member	2014	1	24	13:18:35	5	
27	TheDearthStar	2014	1	14	3	Member	2014	1	24	10:18:35	5	
27	TheDearthStar	2014	1	14	4	Member	2014	1	24	10:18:35	5	
27	TheDearthStar	2014	1	14	5	Member	2014	1	24	10:18:35	5	
27	TheDearthStar	2014	1	14	6	Member					5	
27	TheDearthStar	2014	1	14	7	Member	2014	3	7	22:46:41	5	
27	TheDearthStar	2014	1	14	8	Member	2014	3	7	22:46:41	5	
27	TheDearthStar	2014	1	14	9	Member	2014	3	7	22:46:41	5	
27	TheDearthStar	2014	1	14	10	Member	2014	3	7	22:46:41	5	
27	TheDearthStar	2014	1	14	11	Member	2014	3	7	22:46:41	5	
27	TheDearthStar	2014	1	14	12	Member	2014	3	7	22:46:41	5	
27	TheDearthStar	2014	1	14	13	Member	2014	3	7	22:46:41	5	
27	TheDearthStar	2014	1	14	14	Member	2014	3	7	22:46:41	5	
27	TheDearthStar	2014	1	14	15	Member	2014	3	7	22:46:41	5	
27	TheDearthStar	2014	1	14	16	Member	2014	6	8	16:27:08	8	
27	TheDearthStar	2014	1	14	17	Member	2014	6	8	16:27:08	8	
27	TheDearthStar	2014	1	14	18	Member	2014	6	8	16:27:08	8	
27	TheDearthStar	2014	1	14	19	Member					8	
27	TheDearthStar	2014	1	14	20	Member	2014	6	8	16:27:08	8	
27	TheDearthStar	2014	1	14	21	Member	2014	6	8	16:27:08	8	
27	TheDearthStar	2014	1	14	22	Member	2014	6	8	16:27:08	8	
27	TheDearthStar	2014	1	14	23	Member	2014	6	8	16:27:08	8	
27	TheDearthStar	2014	1	14	25	Member	2014	6	8	16:27:08	8	
27	TheDearthStar	2014	1	14	26	Member	2014	6	8	16:27:08	8	
27	TheDearthStar	2014	1	14	27	Member					8	
27	TheDearthStar	2014	1	14	28	Member	2014	6	8	16:27:08	8	
27	TheDearthStar	2014	1	14	29	Member	2014	6	8	16:27:08	8	
27	TheDearthStar	2014	1	14	30	Member	2014	6	8	16:27:08	8	
27	TheDearthStar	2014	1	14	31	Member	2014	6	8	16:27:08	8	
27	TheDearthStar	2014	1	14	32	Member	2014	6	8	16:27:08	8	
27	TheDearthStar	2014	1	14	35	Member	2014	6	8	16:27:08	8	
27	TheDearthStar	2014	1	14	36	Member	2014	6	8	16:27:08	8	
27	TheDearthStar	2014	1	14	37	Member	2014	6	8	16:27:08	8	
27	TheDearthStar	2014	1	14	38	Member	2014	6	8	16:27:08	8	
27	TheDearthStar	2014	1	14	39	Member					8	
27	TheDearthStar	2014	1	14	40	Member					8	
27	TheDearthStar	2014	1	14	41	Member	2014	6	8	16:27:08	8	
27	TheDearthStar	2014	1	14	42	Member	2014	6	8	16:27:08	8	
27	TheDearthStar	2014	1	14	43	Member	2014	6	8	16:27:08	8	
27	TheDearthStar	2014	1	14	50	Member	2014	6	8	16:27:08	8	
27	TheDearthStar	2014	1	14	51	Member	2014	6	8	16:27:08	8	
27	TheDearthStar	2014	1	14	52	Member	2014	6	8	16:27:08	8	
27	TheDearthStar	2014	1	14	53	Member	2014	6	8	16:27:08	8	
27	TheDearthStar	2014	1	14	54	Member	2014	6	8	16:27:08	8	
27	TheDearthStar	2014	1	14	55	Member	2014	6	8	16:27:08	8	
27	TheDearthStar	2014	1	14	56	Member	2014	6	8	16:27:08	8	
27	TheDearthStar	2014	1	14	62	Member	2014	6	8	16:27:08	8	
27	TheDearthStar	2014	1	14	63	Member	2014	6	8	16:27:08	8	
27	TheDearthStar	2014	1	14	64	Member	2014	6	8	16:27:08	8	
27	TheDearthStar	2014	1	14	66	Member	2014	6	8	16:27:08	8	
27	TheDearthStar	2014	1	14	67	Member	2014	6	8	16:27:08	8	
27	TheDearthStar	2014	1	14	69	Member	2014	6	8	16:27:08	8	
27	TheDearthStar	2014	1	14	70	Member	2014	6	8	16:27:08	8	
27	TheDearthStar	2014	1	14	71	Member	2014	6	8	16:27:08	8	
27	TheDearthStar	2014	1	14	72	Member	2014	6	8	16:27:08	8	
27	TheDearthStar	2014	1	14	73	Member	2014	6	8	16:27:08	8	
27	TheDearthStar	2014	1	14	74	Member	2014	6	8	16:27:08	8	
27	TheDearthStar	2014	1	14	75	Member	2014	6	8	16:27:08	8	
27	TheDearthStar	2014	1	14	76	Member	2014	6	8	16:27:08	8	
27	TheDearthStar	2014	1	14	77	Member	2014	6	8	16:27:08	8	
27	TheDearthStar	2014	1	14	78	Member	2014	6	8	16:27:08	8	
27	TheDearthStar	2014	1	14	79	Member	2014	6	8	16:27:08	8	
27	TheDearthStar	2014	1	14	82	Member	2014	6	8	16:27:08	8	
27	TheDearthStar	2014	1	14	83	Member	2014	6	8	16:27:08	8	
27	TheDearthStar	2014	1	14	84	Member	2014	6	8	16:27:08	8	
27	TheDearthStar	2014	1	14	85	Member					8	
27	TheDearthStar	2014	1	14	86	Member	2014	6	8	16:27:08	8	
27	TheDearthStar	2014	1	14	87	Member	2014	6	8	16:27:08	8	
27	TheDearthStar	2014	1	14	88	Member	2014	6	8	16:27:08	8	
27	TheDearthStar	2014	1	14	89	Member	2014	6	8	16:27:08	8	
27	TheDearthStar	2014	1	14	90	Member	2014	6	8	16:27:08	8	
27	TheDearthStar	2014	1	14	91	Member	2014	6	8	16:27:08	8	
27	TheDearthStar	2014	1	14	92	Member	2014	6	8	16:27:08	8	
27	TheDearthStar	2014	1	14	93	Member	2014	6	8	16:27:08	8	
27	TheDearthStar	2014	1	14	94	Member	2014	6	8	16:27:08	8	
27	TheDearthStar	2014	1	14	95	Member	2014	6	8	16:27:08	8	
28	h4t3	2014	1	14	0	Member	2014	1	14	03:26:09	1	
28	h4t3	2014	1	14	1	Member	2014	1	14	03:26:09	1	
28	h4t3	2014	1	14	2	Member	2014	1	14	03:26:09	1	
28	h4t3	2014	1	14	3	Member	2014	1	14	00:26:09	1	
28	h4t3	2014	1	14	4	Member	2014	1	14	00:26:09	1	
28	h4t3	2014	1	14	5	Member	2014	1	14	00:26:09	1	
28	h4t3	2014	1	14	6	Member	2014	1	14	00:26:09	1	
28	h4t3	2014	1	14	7	Member	2014	1	14	00:26:09	1	
28	h4t3	2014	1	14	8	Member	2014	1	14	00:26:09	1	
28	h4t3	2014	1	14	9	Member	2014	1	14	00:26:09	1	
28	h4t3	2014	1	14	10	Member	2014	1	14	00:26:09	1	
28	h4t3	2014	1	14	11	Member	2014	1	14	00:26:09	1	
28	h4t3	2014	1	14	12	Member	2014	1	14	00:26:09	1	
28	h4t3	2014	1	14	13	Member	2014	1	14	00:26:09	1	
28	h4t3	2014	1	14	14	Member	2014	1	14	00:26:09	1	
28	h4t3	2014	1	14	15	Member	2014	1	14	00:26:09	1	
28	h4t3	2014	1	14	16	Member	2014	1	14	00:26:09	1	
28	h4t3	2014	1	14	17	Member	2014	1	14	00:26:09	1	
28	h4t3	2014	1	14	18	Member	2014	1	14	00:26:09	1	
28	h4t3	2014	1	14	19	Member					1	
28	h4t3	2014	1	14	20	Member	2014	1	14	00:26:09	1	
28	h4t3	2014	1	14	21	Member	2014	1	14	00:26:09	1	
28	h4t3	2014	1	14	22	Member	2014	1	14	00:26:09	1	
28	h4t3	2014	1	14	23	Member	2014	1	14	00:26:09	1	
28	h4t3	2014	1	14	25	Member	2014	1	14	00:26:09	1	
28	h4t3	2014	1	14	26	Member	2014	1	14	00:26:09	1	
28	h4t3	2014	1	14	27	Member					1	
28	h4t3	2014	1	14	28	Member	2014	1	14	00:26:09	1	
28	h4t3	2014	1	14	29	Member	2014	1	14	00:26:09	1	
28	h4t3	2014	1	14	30	Member	2014	1	14	00:26:09	1	
28	h4t3	2014	1	14	31	Member	2014	1	14	00:26:09	1	
28	h4t3	2014	1	14	32	Member	2014	1	14	00:26:09	1	
28	h4t3	2014	1	14	35	Member	2014	1	14	00:26:09	1	
28	h4t3	2014	1	14	36	Member	2014	1	14	00:26:09	1	
28	h4t3	2014	1	14	37	Member	2014	1	14	00:26:09	1	
28	h4t3	2014	1	14	38	Member	2014	1	14	00:26:09	1	
28	h4t3	2014	1	14	39	Member					1	
28	h4t3	2014	1	14	40	Member					1	
28	h4t3	2014	1	14	41	Member	2014	1	14	00:26:09	1	
28	h4t3	2014	1	14	42	Member	2014	1	14	00:26:09	1	
28	h4t3	2014	1	14	43	Member	2014	1	14	00:26:09	1	
28	h4t3	2014	1	14	50	Member	2014	1	14	00:26:09	1	
28	h4t3	2014	1	14	51	Member	2014	1	14	00:26:09	1	
28	h4t3	2014	1	14	52	Member	2014	1	14	00:26:09	1	
28	h4t3	2014	1	14	53	Member	2014	1	14	00:26:09	1	
28	h4t3	2014	1	14	54	Member	2014	1	14	00:26:09	1	
28	h4t3	2014	1	14	55	Member	2014	1	14	00:26:09	1	
28	h4t3	2014	1	14	56	Member	2014	1	14	00:26:09	1	
28	h4t3	2014	1	14	62	Member	2014	1	14	00:26:09	1	
28	h4t3	2014	1	14	63	Member	2014	1	14	00:26:09	1	
28	h4t3	2014	1	14	64	Member	2014	1	14	00:26:09	1	
28	h4t3	2014	1	14	66	Member	2014	1	14	00:26:09	1	
28	h4t3	2014	1	14	67	Member	2014	1	14	00:26:09	1	
28	h4t3	2014	1	14	69	Member	2014	1	14	00:26:09	1	
28	h4t3	2014	1	14	70	Member	2014	1	14	00:26:09	1	
28	h4t3	2014	1	14	71	Member	2014	1	14	00:26:09	1	
28	h4t3	2014	1	14	72	Member	2014	1	14	00:26:09	1	
28	h4t3	2014	1	14	73	Member	2014	1	14	00:26:09	1	
28	h4t3	2014	1	14	74	Member	2014	1	14	00:26:09	1	
28	h4t3	2014	1	14	75	Member	2014	1	14	00:26:09	1	
28	h4t3	2014	1	14	76	Member	2014	1	14	00:26:09	1	
28	h4t3	2014	1	14	77	Member	2014	1	14	00:26:09	1	
28	h4t3	2014	1	14	78	Member	2014	1	14	00:26:09	1	
28	h4t3	2014	1	14	79	Member	2014	1	14	00:26:09	1	
28	h4t3	2014	1	14	82	Member	2014	1	14	00:26:09	1	
28	h4t3	2014	1	14	83	Member	2014	1	14	00:26:09	1	
28	h4t3	2014	1	14	84	Member	2014	1	14	00:26:09	1	
28	h4t3	2014	1	14	85	Member					1	
28	h4t3	2014	1	14	86	Member	2014	1	14	00:26:09	1	
28	h4t3	2014	1	14	87	Member	2014	1	14	00:26:09	1	
28	h4t3	2014	1	14	88	Member	2014	1	14	00:26:09	1	
28	h4t3	2014	1	14	89	Member	2014	1	14	00:26:09	1	
28	h4t3	2014	1	14	90	Member	2014	1	14	00:26:09	1	
28	h4t3	2014	1	14	91	Member	2014	1	14	00:26:09	1	
28	h4t3	2014	1	14	92	Member	2014	1	14	00:26:09	1	
28	h4t3	2014	1	14	93	Member	2014	1	14	00:26:09	1	
28	h4t3	2014	1	14	94	Member	2014	1	14	00:26:09	1	
28	h4t3	2014	1	14	95	Member	2014	1	14	00:26:09	1	
29	TheMonk	2014	1	14	0	Member					0	
29	TheMonk	2014	1	14	2	Member					0	
29	TheMonk	2014	1	14	3	Member					0	
29	TheMonk	2014	1	14	4	Member					0	
29	TheMonk	2014	1	14	5	Member					0	
29	TheMonk	2014	1	14	6	Member					0	
29	TheMonk	2014	1	14	7	Member					0	
29	TheMonk	2014	1	14	8	Member					0	
29	TheMonk	2014	1	14	10	Member					0	
29	TheMonk	2014	1	14	12	Member					0	
29	TheMonk	2014	1	14	20	Member					0	
29	TheMonk	2014	1	14	26	Member					0	
29	TheMonk	2014	1	14	30	Member					0	
29	TheMonk	2014	1	14	31	Member					0	
30	Slothkin	2014	1	14	0	Member	2014	1	14	03:39:24	1	
30	Slothkin	2014	1	14	1	Member	2014	1	14	03:39:24	1	
30	Slothkin	2014	1	14	2	Member	2014	1	14	03:39:24	1	
30	Slothkin	2014	1	14	3	Member	2014	1	14	00:39:24	1	
30	Slothkin	2014	1	14	4	Member	2014	1	14	00:39:24	1	
30	Slothkin	2014	1	14	5	Member	2014	1	14	00:39:24	1	
30	Slothkin	2014	1	14	6	Member	2014	1	14	00:39:24	1	
30	Slothkin	2014	1	14	7	Member	2014	1	14	00:39:24	1	
30	Slothkin	2014	1	14	8	Member	2014	1	14	00:39:24	1	
30	Slothkin	2014	1	14	9	Member	2014	1	14	00:39:24	1	
30	Slothkin	2014	1	14	10	Member	2014	1	14	00:39:24	1	
30	Slothkin	2014	1	14	11	Member	2014	1	14	00:39:24	1	
30	Slothkin	2014	1	14	12	Member	2014	1	14	00:39:24	1	
30	Slothkin	2014	1	14	14	Member	2014	1	14	00:39:24	1	
30	Slothkin	2014	1	14	15	Member	2014	1	14	00:39:24	1	
30	Slothkin	2014	1	14	16	Member	2014	1	14	00:39:24	1	
30	Slothkin	2014	1	14	17	Member	2014	1	14	00:39:24	1	
30	Slothkin	2014	1	14	18	Member	2014	1	14	00:39:24	1	
30	Slothkin	2014	1	14	19	Member					1	
30	Slothkin	2014	1	14	20	Member	2014	1	14	00:39:24	1	
30	Slothkin	2014	1	14	21	Member	2014	1	14	00:39:24	1	
30	Slothkin	2014	1	14	22	Member	2014	1	14	00:39:24	1	
30	Slothkin	2014	1	14	23	Member	2014	1	14	00:39:24	1	
30	Slothkin	2014	1	14	25	Member	2014	1	14	00:39:24	1	
30	Slothkin	2014	1	14	26	Member	2014	1	14	00:39:24	1	
30	Slothkin	2014	1	14	27	Member					1	
30	Slothkin	2014	1	14	28	Member	2014	1	14	00:39:24	1	
30	Slothkin	2014	1	14	29	Member	2014	1	14	00:39:24	1	
30	Slothkin	2014	1	14	30	Member	2014	1	14	00:39:24	1	
30	Slothkin	2014	1	14	31	Member	2014	1	14	00:39:24	1	
30	Slothkin	2014	1	14	32	Member	2014	1	14	00:39:24	1	
30	Slothkin	2014	1	14	35	Member	2014	1	14	00:39:24	1	
30	Slothkin	2014	1	14	36	Member	2014	1	14	00:39:24	1	
30	Slothkin	2014	1	14	37	Member	2014	1	14	00:39:24	1	
30	Slothkin	2014	1	14	38	Member	2014	1	14	00:39:24	1	
30	Slothkin	2014	1	14	39	Member					1	
30	Slothkin	2014	1	14	40	Member					1	
30	Slothkin	2014	1	14	41	Member	2014	1	14	00:39:24	1	
30	Slothkin	2014	1	14	42	Member	2014	1	14	00:39:24	1	
30	Slothkin	2014	1	14	43	Member	2014	1	14	00:39:24	1	
30	Slothkin	2014	1	14	50	Member	2014	1	14	00:39:24	1	
30	Slothkin	2014	1	14	51	Member	2014	1	14	00:39:24	1	
30	Slothkin	2014	1	14	52	Member	2014	1	14	00:39:24	1	
30	Slothkin	2014	1	14	53	Member	2014	1	14	00:39:24	1	
30	Slothkin	2014	1	14	54	Member	2014	1	14	00:39:24	1	
30	Slothkin	2014	1	14	55	Member	2014	1	14	00:39:24	1	
30	Slothkin	2014	1	14	56	Member	2014	1	14	00:39:24	1	
30	Slothkin	2014	1	14	62	Member	2014	1	14	00:39:24	1	
30	Slothkin	2014	1	14	63	Member	2014	1	14	00:39:24	1	
30	Slothkin	2014	1	14	64	Member	2014	1	14	00:39:24	1	
30	Slothkin	2014	1	14	66	Member	2014	1	14	00:39:24	1	
30	Slothkin	2014	1	14	67	Member	2014	1	14	00:39:24	1	
30	Slothkin	2014	1	14	69	Member	2014	1	14	00:39:24	1	
30	Slothkin	2014	1	14	70	Member	2014	1	14	00:39:24	1	
30	Slothkin	2014	1	14	71	Member	2014	1	14	00:39:24	1	
30	Slothkin	2014	1	14	72	Member	2014	1	14	00:39:24	1	
30	Slothkin	2014	1	14	73	Member	2014	1	14	00:39:24	1	
30	Slothkin	2014	1	14	74	Member	2014	1	14	00:39:24	1	
30	Slothkin	2014	1	14	75	Member	2014	1	14	00:39:24	1	
30	Slothkin	2014	1	14	76	Member	2014	1	14	00:39:24	1	
30	Slothkin	2014	1	14	77	Member	2014	1	14	00:39:24	1	
30	Slothkin	2014	1	14	78	Member	2014	1	14	00:39:24	1	
30	Slothkin	2014	1	14	79	Member	2014	1	14	00:39:24	1	
30	Slothkin	2014	1	14	82	Member	2014	1	14	00:39:24	1	
30	Slothkin	2014	1	14	83	Member	2014	1	14	00:39:24	1	
30	Slothkin	2014	1	14	84	Member	2014	1	14	00:39:24	1	
30	Slothkin	2014	1	14	85	Member					1	
30	Slothkin	2014	1	14	86	Member	2014	1	14	00:39:24	1	
30	Slothkin	2014	1	14	87	Member	2014	1	14	00:39:24	1	
30	Slothkin	2014	1	14	88	Member	2014	1	14	00:39:24	1	
30	Slothkin	2014	1	14	89	Member	2014	1	14	00:39:24	1	
30	Slothkin	2014	1	14	90	Member	2014	1	14	00:39:24	1	
30	Slothkin	2014	1	14	91	Member	2014	1	14	00:39:24	1	
30	Slothkin	2014	1	14	92	Member	2014	1	14	00:39:24	1	
30	Slothkin	2014	1	14	93	Member	2014	1	14	00:39:24	1	
30	Slothkin	2014	1	14	94	Member	2014	1	14	00:39:24	1	
30	Slothkin	2014	1	14	95	Member	2014	1	14	00:39:24	1	
31	Draconem	2014	1	14	0	Member	2014	1	18	03:29:52	1	The Princess&#039; Castle
31	Draconem	2014	1	14	2	Member	2014	1	26	10:18:14	2	The Princess&#039; Castle
31	Draconem	2014	1	14	3	Member	2014	1	26	07:18:14	2	The Princess&#039; Castle
31	Draconem	2014	1	14	4	Member	2014	1	26	07:18:14	2	The Princess&#039; Castle
31	Draconem	2014	1	14	5	Member	2014	1	26	07:18:14	2	The Princess&#039; Castle
31	Draconem	2014	1	14	6	Member	2014	1	26	07:18:14	2	The Princess&#039; Castle
31	Draconem	2014	1	14	7	Member	2014	1	26	07:18:14	2	The Princess&#039; Castle
31	Draconem	2014	1	14	8	Member	2014	1	26	07:18:14	2	The Princess&#039; Castle
31	Draconem	2014	1	14	9	Member	2014	1	26	07:18:14	2	The Princess&#039; Castle
31	Draconem	2014	1	14	10	Member	2014	1	26	07:18:14	2	The Princess&#039; Castle
31	Draconem	2014	1	14	11	Member					2	
31	Draconem	2014	1	14	12	Member	2014	1	26	07:18:14	2	The Princess&#039; Castle
31	Draconem	2014	1	14	14	Member	2014	1	26	07:18:14	2	The Princess&#039; Castle
31	Draconem	2014	1	14	15	Member					2	
31	Draconem	2014	1	14	16	Member	2014	1	26	07:18:14	2	The Princess&#039; Castle
31	Draconem	2014	1	14	17	Member					2	
31	Draconem	2014	1	14	18	Member	2014	6	18	00:16:31	2	The Princess&#039; Castle
31	Draconem	2014	1	14	20	Member	2014	6	18	00:16:31	2	The Princess&#039; Castle
31	Draconem	2014	1	14	21	Member					2	
31	Draconem	2014	1	14	22	Member	2014	7	26	22:17:16	3	The Princess&#039; Castle
31	Draconem	2014	1	14	23	Member	2014	7	30	06:20:52	4	The Princess&#039; Castle
31	Draconem	2014	1	14	25	Member	2014	8	5	01:29:31	4	The Princess&#039; Castle
31	Draconem	2014	1	14	26	Member	2014	8	5	01:29:31	4	The Princess&#039; Castle
31	Draconem	2014	1	14	27	Member	2014	8	5	01:29:31	4	The Princess&#039; Castle
31	Draconem	2014	1	14	28	Member	2014	8	5	01:29:31	4	The Princess&#039; Castle
31	Draconem	2014	1	14	29	Member	2014	8	5	01:29:31	4	The Princess&#039; Castle
31	Draconem	2014	1	14	30	Member	2014	9	13	21:21:54	6	The Princess&#039; Castle
31	Draconem	2014	1	14	31	Member	2014	9	15	21:04:56	6	The Princess&#039; Castle
31	Draconem	2014	1	14	32	Member	2014	9	23	19:35:56	6	The Princess&#039; Castle
31	Draconem	2014	1	14	35	Member	2014	9	23	19:35:56	6	The Princess&#039; Castle
31	Draconem	2014	1	14	36	Member	2014	9	23	19:35:56	6	The Princess&#039; Castle
31	Draconem	2014	1	14	37	Member	2014	9	23	19:35:56	6	The Princess&#039; Castle
31	Draconem	2014	1	14	38	Member	2014	9	23	19:35:56	6	The Princess&#039; Castle
31	Draconem	2014	1	14	40	Member					6	
31	Draconem	2014	1	14	41	Member	2014	9	23	19:35:56	6	The Princess&#039; Castle
31	Draconem	2014	1	14	42	Member	2014	9	23	19:35:56	6	The Princess&#039; Castle
31	Draconem	2014	1	14	43	Member	2014	9	23	19:35:56	6	The Princess&#039; Castle
31	Draconem	2014	1	14	50	Member	2014	9	23	19:35:56	6	The Princess&#039; Castle
31	Draconem	2014	1	14	51	Member	2014	9	23	19:35:56	6	The Princess&#039; Castle
31	Draconem	2014	1	14	52	Member	2014	9	23	19:35:56	6	The Princess&#039; Castle
31	Draconem	2014	1	14	53	Member	2014	9	23	19:35:56	6	The Princess&#039; Castle
31	Draconem	2014	1	14	54	Member	2014	9	23	19:35:56	6	The Princess&#039; Castle
31	Draconem	2014	1	14	55	Member	2014	9	23	19:35:56	6	The Princess&#039; Castle
31	Draconem	2014	1	14	56	Member	2014	9	23	19:35:56	6	The Princess&#039; Castle
31	Draconem	2014	1	14	62	Member	2014	9	23	19:35:56	6	The Princess&#039; Castle
31	Draconem	2014	1	14	63	Member	2014	9	23	19:35:56	6	The Princess&#039; Castle
31	Draconem	2014	1	14	64	Member	2014	9	23	19:35:56	6	The Princess&#039; Castle
31	Draconem	2014	1	14	66	Member	2014	9	23	19:35:56	6	The Princess&#039; Castle
31	Draconem	2014	1	14	67	Member	2014	9	23	19:35:56	6	The Princess&#039; Castle
31	Draconem	2014	1	14	69	Member	2014	9	23	19:35:56	6	The Princess&#039; Castle
31	Draconem	2014	1	14	70	Member					6	
31	Draconem	2014	1	14	71	Member	2014	9	23	19:35:56	6	The Princess&#039; Castle
31	Draconem	2014	1	14	72	Member	2014	9	23	19:35:56	6	The Princess&#039; Castle
31	Draconem	2014	1	14	73	Member	2014	9	23	19:35:56	6	The Princess&#039; Castle
31	Draconem	2014	1	14	74	Member	2014	9	23	19:35:56	6	The Princess&#039; Castle
31	Draconem	2014	1	14	75	Member	2014	9	23	19:35:56	6	The Princess&#039; Castle
31	Draconem	2014	1	14	76	Member	2014	9	23	19:35:56	6	The Princess&#039; Castle
31	Draconem	2014	1	14	77	Member	2014	9	23	19:35:56	6	The Princess&#039; Castle
31	Draconem	2014	1	14	78	Member	2014	9	23	19:35:56	6	The Princess&#039; Castle
31	Draconem	2014	1	14	79	Member	2014	9	23	19:35:56	6	The Princess&#039; Castle
31	Draconem	2014	1	14	80	Member	2014	9	23	19:35:56	6	The Princess&#039; Castle
31	Draconem	2014	1	14	82	Member	2014	9	23	19:35:56	6	The Princess&#039; Castle
31	Draconem	2014	1	14	83	Member	2014	9	23	19:35:56	6	The Princess&#039; Castle
31	Draconem	2014	1	14	84	Member	2014	9	23	19:35:56	6	The Princess&#039; Castle
31	Draconem	2014	1	14	86	Member	2014	9	23	19:35:56	6	The Princess&#039; Castle
31	Draconem	2014	1	14	87	Member	2014	9	23	19:35:56	6	The Princess&#039; Castle
31	Draconem	2014	1	14	88	Member	2014	9	23	19:35:56	6	The Princess&#039; Castle
31	Draconem	2014	1	14	89	Member	2014	9	23	19:35:56	6	The Princess&#039; Castle
31	Draconem	2014	1	14	90	Member	2014	9	23	19:35:56	6	The Princess&#039; Castle
31	Draconem	2014	1	14	91	Member	2015	2	27	07:46:23	7	The Princess&#039; Castle
31	Draconem	2014	1	14	92	Member	2015	2	27	07:46:23	7	The Princess&#039; Castle
31	Draconem	2014	1	14	93	Member	2015	2	27	07:46:23	7	The Princess&#039; Castle
31	Draconem	2014	1	14	94	Member	2015	2	27	07:46:23	7	The Princess&#039; Castle
31	Draconem	2014	1	14	95	Member	2015	2	27	07:46:23	7	The Princess&#039; Castle
32	mermaid	2014	1	14	2	Member					0	
32	mermaid	2014	1	14	3	Member					0	
32	mermaid	2014	1	14	4	Member					0	
32	mermaid	2014	1	14	5	Member					0	
32	mermaid	2014	1	14	6	Member					0	
32	mermaid	2014	1	14	7	Member					0	
32	mermaid	2014	1	14	8	Member					0	
32	mermaid	2014	1	14	10	Member					0	
32	mermaid	2014	1	14	12	Member					0	
32	mermaid	2014	1	14	20	Member					0	
32	mermaid	2014	1	14	26	Member					0	
32	mermaid	2014	1	14	30	Member					0	
32	mermaid	2014	1	14	31	Member					0	
33	victoryao27	2014	1	14	0	Member	2014	1	21	02:18:29	4	
33	victoryao27	2014	1	14	1	Member	2014	1	21	02:18:29	4	
33	victoryao27	2014	1	14	2	Member	2014	2	3	00:26:16	6	
33	victoryao27	2014	1	14	3	Member	2014	2	6	22:58:47	7	
33	victoryao27	2014	1	14	4	Member	2014	2	6	22:58:47	7	
33	victoryao27	2014	1	14	5	Member	2014	2	6	22:58:47	7	
33	victoryao27	2014	1	14	6	Member	2014	2	6	22:58:47	7	
33	victoryao27	2014	1	14	7	Member	2014	2	6	22:58:47	7	
33	victoryao27	2014	1	14	8	Member	2014	2	6	22:58:47	7	
33	victoryao27	2014	1	14	9	Member	2014	2	6	22:58:47	7	
33	victoryao27	2014	1	14	10	Member	2014	4	19	22:09:48	15	
33	victoryao27	2014	1	14	11	Member	2014	4	19	22:09:48	15	
33	victoryao27	2014	1	14	12	Member	2014	4	19	22:09:48	15	
33	victoryao27	2014	1	14	13	Member	2014	5	16	14:09:35	15	
33	victoryao27	2014	1	14	14	Member	2014	5	16	14:09:35	15	
33	victoryao27	2014	1	14	15	Member	2014	6	3	04:35:18	18	
33	victoryao27	2014	1	14	16	Member	2014	6	8	00:22:20	20	
33	victoryao27	2014	1	14	17	Member	2014	6	16	02:45:50	47	
33	victoryao27	2014	1	14	18	Member	2014	6	21	01:48:34	48	
33	victoryao27	2014	1	14	19	Member					51	
33	victoryao27	2014	1	14	20	Member	2014	7	2	14:02:55	51	
33	victoryao27	2014	1	14	21	Member	2014	7	2	14:02:55	51	
33	victoryao27	2014	1	14	22	Member	2014	7	26	16:56:55	75	
33	victoryao27	2014	1	14	23	Member	2014	7	31	23:54:31	75	
33	victoryao27	2014	1	14	25	Member	2014	8	4	14:54:00	77	
33	victoryao27	2014	1	14	26	Member	2014	8	15	01:16:51	80	
33	victoryao27	2014	1	14	27	Member					80	
33	victoryao27	2014	1	14	28	Member	2014	8	28	12:53:17	81	
33	victoryao27	2014	1	14	29	Member	2014	8	28	12:53:17	81	
33	victoryao27	2014	1	14	30	Member	2014	8	28	12:53:17	81	
33	victoryao27	2014	1	14	31	Member	2014	8	28	12:53:17	81	
33	victoryao27	2014	1	14	32	Member	2014	8	28	12:53:17	81	
33	victoryao27	2014	1	14	35	Member	2014	10	10	19:07:46	81	
33	victoryao27	2014	1	14	36	Member	2014	10	17	00:21:46	81	
33	victoryao27	2014	1	14	37	Member	2014	10	17	00:21:46	81	
33	victoryao27	2014	1	14	38	Member	2014	10	17	00:21:46	81	
33	victoryao27	2014	1	14	39	Member					82	
33	victoryao27	2014	1	14	40	Member					82	
33	victoryao27	2014	1	14	41	Member	2014	11	6	18:03:42	83	
33	victoryao27	2014	1	14	42	Member	2014	11	6	18:03:42	83	
33	victoryao27	2014	1	14	43	Member	2014	11	6	18:03:42	83	
33	victoryao27	2014	1	14	50	Member	2014	11	6	18:03:42	83	
33	victoryao27	2014	1	14	51	Member	2014	11	6	18:03:42	83	
33	victoryao27	2014	1	14	52	Member	2014	11	6	18:03:42	83	
33	victoryao27	2014	1	14	53	Member	2014	11	23	02:53:27	84	
33	victoryao27	2014	1	14	54	Member	2014	11	23	06:54:30	84	
33	victoryao27	2014	1	14	55	Member	2014	11	23	06:54:30	84	
33	victoryao27	2014	1	14	56	Member	2014	11	26	16:15:52	84	
33	victoryao27	2014	1	14	62	Member	2014	12	10	23:20:53	92	
